fold_id,cadence,window_type,model,train_start,train_end,n_train_days,n_train_rows,test_start,test_end,n_test_days,n_test_rows,accuracy,f1_macro,log_loss
0,weekly,expanding,xgboost,2022-08-01,2022-08-26,20,1340,2022-08-29,2022-09-02,5,335,0.3432835820895522,0.3096374102427155,1.4084682864736426
1,weekly,expanding,xgboost,2022-08-01,2022-09-02,25,1675,2022-09-06,2022-09-12,5,335,0.3492537313432836,0.3498169007555741,1.3399094944167071
2,weekly,expanding,xgboost,2022-08-01,2022-09-12,30,2010,2022-09-13,2022-09-19,5,335,0.3671641791044776,0.3282433590581934,1.2290065091321636
3,weekly,expanding,xgboost,2022-08-01,2022-09-19,35,2345,2022-09-20,2022-09-26,5,335,0.373134328358209,0.3468959943725202,1.3210458007538282
4,weekly,expanding,xgboost,2022-08-01,2022-09-26,40,2680,2022-09-27,2022-10-03,5,335,0.4328358208955223,0.4020658571248396,1.188799581644914
5,weekly,expanding,xgboost,2022-08-01,2022-10-03,45,3015,2022-10-04,2022-10-10,5,335,0.3283582089552239,0.3108977111428532,1.2192179173116884
6,weekly,expanding,xgboost,2022-08-01,2022-10-10,50,3350,2022-10-11,2022-10-17,5,335,0.4298507462686567,0.4258201516532368,1.3336583170443932
7,weekly,expanding,xgboost,2022-08-01,2022-10-17,55,3685,2022-10-18,2022-10-24,5,335,0.2686567164179104,0.2409297849168124,1.5169782318789484
8,weekly,expanding,xgboost,2022-08-01,2022-10-24,60,4020,2022-10-25,2022-10-31,5,335,0.4029850746268656,0.3545922867929854,1.1138659957048218
9,weekly,expanding,xgboost,2022-08-01,2022-10-31,65,4355,2022-11-01,2022-11-07,5,335,0.244776119402985,0.2448161664218756,1.1968321055466873
10,weekly,expanding,xgboost,2022-08-01,2022-11-07,70,4690,2022-11-08,2022-11-14,5,335,0.3343283582089552,0.2978090559803394,1.2108882092173536
11,weekly,expanding,xgboost,2022-08-01,2022-11-14,75,5025,2022-11-15,2022-11-21,5,335,0.2805970149253731,0.21497747579767,1.1931533458661212
12,weekly,expanding,xgboost,2022-08-01,2022-11-21,80,5360,2022-11-22,2022-11-30,5,335,0.4537313432835821,0.3912168325129792,1.2303514834992406
13,weekly,expanding,xgboost,2022-08-01,2022-11-30,85,5695,2022-12-01,2022-12-07,5,335,0.2388059701492537,0.21294153766498,1.281462072023934
14,weekly,expanding,xgboost,2022-08-01,2022-12-07,90,6030,2022-12-08,2022-12-14,5,335,0.3850746268656716,0.3534556945004706,1.0803652675179898
15,weekly,expanding,xgboost,2022-08-01,2022-12-14,95,6365,2022-12-15,2022-12-21,5,335,0.3462686567164179,0.3325868123913726,1.1897640942987189
16,weekly,expanding,xgboost,2022-08-01,2022-12-21,100,6700,2022-12-22,2022-12-29,5,335,0.3194029850746269,0.2844805046246364,1.1472833071564656
17,weekly,expanding,xgboost,2022-08-01,2022-12-29,105,7035,2022-12-30,2023-01-06,5,335,0.2626865671641791,0.2630079472184735,1.173590170175856
18,weekly,expanding,xgboost,2022-08-01,2023-01-06,110,7370,2023-01-09,2023-01-13,5,335,0.3522388059701492,0.3035068621801028,1.12463207735772
19,weekly,expanding,xgboost,2022-08-01,2023-01-13,115,7705,2023-01-17,2023-01-23,5,335,0.3104477611940298,0.2847798533489851,1.1770934727873577
20,weekly,expanding,xgboost,2022-08-01,2023-01-23,120,8040,2023-01-24,2023-01-30,5,335,0.3671641791044776,0.3316832816567892,1.198805202030599
21,weekly,expanding,xgboost,2022-08-01,2023-01-30,125,8375,2023-01-31,2023-02-06,5,335,0.4656716417910447,0.3153730778261766,1.0929156984975537
22,weekly,expanding,xgboost,2022-08-01,2023-02-06,130,8710,2023-02-07,2023-02-13,5,335,0.4417910447761194,0.3853085011807993,1.157913572202155
23,weekly,expanding,xgboost,2022-08-01,2023-02-13,135,9045,2023-02-14,2023-02-21,5,335,0.5373134328358209,0.5149519782744691,1.0003329644268877
24,weekly,expanding,xgboost,2022-08-01,2023-02-21,140,9380,2023-02-22,2023-02-28,5,335,0.4029850746268656,0.3258629471619816,1.1499707719024397
25,weekly,expanding,xgboost,2022-08-01,2023-02-28,145,9715,2023-03-01,2023-03-07,5,335,0.373134328358209,0.2852790197052492,1.179907662426967
26,weekly,expanding,xgboost,2022-08-01,2023-03-07,150,10050,2023-03-08,2023-03-14,5,335,0.2805970149253731,0.2770353040290538,1.1545088223086948
27,weekly,expanding,xgboost,2022-08-01,2023-03-14,155,10385,2023-03-15,2023-03-21,5,335,0.3641791044776119,0.3575421655186373,1.0592498623860622
28,weekly,expanding,xgboost,2022-08-01,2023-03-21,160,10720,2023-03-22,2023-03-28,5,335,0.3940298507462687,0.3414565826330533,1.1312780368414783
29,weekly,expanding,xgboost,2022-08-01,2023-03-28,165,11055,2023-03-29,2023-04-04,5,335,0.4238805970149253,0.3842315157432498,1.117133741835328
30,weekly,expanding,xgboost,2022-08-01,2023-04-04,170,11390,2023-04-05,2023-04-12,5,335,0.582089552238806,0.3525476994335552,0.9406886429080744
31,weekly,expanding,xgboost,2022-08-01,2023-04-12,175,11725,2023-04-13,2023-04-19,5,335,0.591044776119403,0.4168439716312057,0.9584577450478556
32,weekly,expanding,xgboost,2022-08-01,2023-04-19,180,12060,2023-04-20,2023-04-26,5,335,0.4716417910447761,0.2841337819924543,1.2239991490654876
33,weekly,expanding,xgboost,2022-08-01,2023-04-26,185,12395,2023-04-27,2023-05-03,5,335,0.3134328358208955,0.2528756957328386,1.4754463493539598
34,weekly,expanding,xgboost,2022-08-01,2023-05-03,190,12730,2023-05-04,2023-05-10,5,335,0.5044776119402985,0.315755155655567,1.031606449535702
35,weekly,expanding,xgboost,2022-08-01,2023-05-10,195,13065,2023-05-11,2023-05-17,5,335,0.608955223880597,0.3269656109454351,0.9375945960911336
36,weekly,expanding,xgboost,2022-08-01,2023-05-17,200,13400,2023-05-18,2023-05-24,5,335,0.5552238805970149,0.4351553426248548,1.0191929009599812
37,weekly,expanding,xgboost,2022-08-01,2023-05-24,205,13735,2023-05-25,2023-06-01,5,335,0.435820895522388,0.3575182378616796,1.075061970955837
38,weekly,expanding,xgboost,2022-08-01,2023-06-01,210,14070,2023-06-02,2023-06-08,5,335,0.5940298507462687,0.3620765832106038,0.960189647166892
39,weekly,expanding,xgboost,2022-08-01,2023-06-08,215,14405,2023-06-09,2023-06-15,5,335,0.2208955223880597,0.1756553985542799,1.5951745778986464
40,weekly,expanding,xgboost,2022-08-01,2023-06-15,220,14740,2023-06-16,2023-06-23,5,335,0.5761194029850746,0.3301765464256584,0.9882593509697544
41,weekly,expanding,xgboost,2022-08-01,2023-06-23,225,15075,2023-06-26,2023-06-30,5,335,0.6059701492537314,0.2515489467162329,1.0052139868171786
42,weekly,expanding,xgboost,2022-08-01,2023-06-30,230,15410,2023-07-05,2023-07-11,5,335,0.6567164179104478,0.2642642642642642,0.8309199045566493
43,weekly,expanding,xgboost,2022-08-01,2023-07-11,235,15745,2023-07-12,2023-07-18,5,335,0.7313432835820896,0.2985242362404992,0.7519376252352614
44,weekly,expanding,xgboost,2022-08-01,2023-07-18,240,16080,2023-07-19,2023-07-25,5,335,0.6358208955223881,0.3383949546825555,0.9580176671803798
45,weekly,expanding,xgboost,2022-08-01,2023-07-25,245,16415,2023-07-26,2023-08-01,5,335,0.7044776119402985,0.29434011476265,0.8075468857105941
46,weekly,expanding,xgboost,2022-08-01,2023-08-01,250,16750,2023-08-02,2023-08-08,5,335,0.5761194029850746,0.3268504912553663,0.9578730509723402
47,weekly,expanding,xgboost,2022-08-01,2023-08-08,255,17085,2023-08-09,2023-08-15,5,335,0.373134328358209,0.2753740614703181,1.158496268161587
48,weekly,expanding,xgboost,2022-08-01,2023-08-15,260,17420,2023-08-16,2023-08-22,5,335,0.4149253731343283,0.2477716331747873,1.158415516028644
49,weekly,expanding,xgboost,2022-08-01,2023-08-22,265,17755,2023-08-23,2023-08-29,5,335,0.4388059701492537,0.2941095461658842,1.094966967658573
50,weekly,expanding,xgboost,2022-08-01,2023-08-29,270,18090,2023-08-30,2023-09-06,5,335,0.6298507462686567,0.2576312576312576,0.8570177355450579
51,weekly,expanding,xgboost,2022-08-01,2023-09-06,275,18425,2023-09-07,2023-09-13,5,335,0.6985074626865672,0.2992008581389112,0.8453617742170559
52,weekly,expanding,xgboost,2022-08-01,2023-09-13,280,18760,2023-09-14,2023-09-20,5,335,0.6597014925373135,0.3215559655596556,0.8910069277289749
53,weekly,expanding,xgboost,2022-08-01,2023-09-20,285,19095,2023-09-21,2023-09-27,5,335,0.4417910447761194,0.4167760549884554,1.085286275923906
54,weekly,expanding,xgboost,2022-08-01,2023-09-27,290,19430,2023-09-28,2023-10-04,5,335,0.3283582089552239,0.2815278286193498,1.105917401165747
55,weekly,expanding,xgboost,2022-08-01,2023-10-04,295,19765,2023-10-05,2023-10-11,5,335,0.417910447761194,0.3082481108542931,1.1442902237557588
56,weekly,expanding,xgboost,2022-08-01,2023-10-11,300,20100,2023-10-12,2023-10-18,5,335,0.4746268656716418,0.3682718944623556,1.0794950032625945
57,weekly,expanding,xgboost,2022-08-01,2023-10-18,305,20435,2023-10-19,2023-10-25,5,335,0.3044776119402985,0.2817622316612705,1.110669336615144
58,weekly,expanding,xgboost,2022-08-01,2023-10-25,310,20770,2023-10-26,2023-11-01,5,335,0.3701492537313433,0.3065478923130619,1.0861558995513512
59,weekly,expanding,xgboost,2022-08-01,2023-11-01,315,21105,2023-11-02,2023-11-08,5,335,0.6358208955223881,0.2807646356033453,0.8672335733463016
60,weekly,expanding,xgboost,2022-08-01,2023-11-08,320,21440,2023-11-09,2023-11-15,5,335,0.444776119402985,0.2378478514759776,1.1564487786055826
61,weekly,expanding,xgboost,2022-08-01,2023-11-15,325,21775,2023-11-16,2023-11-22,5,335,0.7701492537313432,0.3188896245616616,0.7658816124217805
62,weekly,expanding,xgboost,2022-08-01,2023-11-22,330,22110,2023-11-27,2023-12-01,5,335,0.6567164179104478,0.3659589011834067,0.8991279675645053
63,weekly,expanding,xgboost,2022-08-01,2023-12-01,335,22445,2023-12-04,2023-12-08,5,335,0.6358208955223881,0.2688025076084777,0.8750347313449097
64,weekly,expanding,xgboost,2022-08-01,2023-12-08,340,22780,2023-12-11,2023-12-15,5,335,0.6477611940298508,0.3691509715131762,0.8707105499720805
65,weekly,expanding,xgboost,2022-08-01,2023-12-15,345,23115,2023-12-18,2023-12-22,5,335,0.6955223880597015,0.2844990008564088,0.772641687968326
66,weekly,expanding,xgboost,2022-08-01,2023-12-22,350,23450,2023-12-26,2024-01-02,5,335,0.6985074626865672,0.2839067449349373,0.7750555718019706
67,weekly,expanding,xgboost,2022-08-01,2024-01-02,355,23785,2024-01-03,2024-01-09,5,335,0.4865671641791044,0.220419202163624,1.060831928113421
68,weekly,expanding,xgboost,2022-08-01,2024-01-09,360,24120,2024-01-10,2024-01-17,5,335,0.5492537313432836,0.3038675998284321,0.982055121922492
69,weekly,expanding,xgboost,2022-08-01,2024-01-17,365,24455,2024-01-18,2024-01-24,5,335,0.4597014925373134,0.2982993197278911,1.2178766865079151
70,weekly,expanding,xgboost,2022-08-01,2024-01-24,370,24790,2024-01-25,2024-01-31,5,335,0.6865671641791045,0.3446984273583211,0.8926433479908192
71,weekly,expanding,xgboost,2022-08-01,2024-01-31,375,25125,2024-02-01,2024-02-07,5,335,0.5134328358208955,0.2297929191716766,1.0158977440011845
72,weekly,expanding,xgboost,2022-08-01,2024-02-07,380,25460,2024-02-08,2024-02-14,5,335,0.4656716417910447,0.2968341229152199,1.0389891776346984
73,weekly,expanding,xgboost,2022-08-01,2024-02-14,385,25795,2024-02-15,2024-02-22,5,335,0.5373134328358209,0.2893836764804506,1.0295173987434527
74,weekly,expanding,xgboost,2022-08-01,2024-02-22,390,26130,2024-02-23,2024-02-29,5,335,0.7283582089552239,0.3238738396944634,0.8202390295887423
75,weekly,expanding,xgboost,2022-08-01,2024-02-29,395,26465,2024-03-01,2024-03-07,5,335,0.573134328358209,0.2685139524871824,0.988927921050954
76,weekly,expanding,xgboost,2022-08-01,2024-03-07,400,26800,2024-03-08,2024-03-14,5,335,0.5313432835820896,0.2313190383365821,1.0050765813651996
77,weekly,expanding,xgboost,2022-08-01,2024-03-14,405,27135,2024-03-15,2024-03-21,5,335,0.6626865671641791,0.2825013419216318,0.8872136370882105
78,weekly,expanding,xgboost,2022-08-01,2024-03-21,410,27470,2024-03-22,2024-03-28,5,335,0.8746268656716418,0.31104033970276,0.4659921984201604
79,weekly,expanding,xgboost,2022-08-01,2024-03-28,415,27805,2024-04-01,2024-04-05,5,335,0.573134328358209,0.2971593731653344,0.8974568957107665
80,weekly,expanding,xgboost,2022-08-01,2024-04-05,420,28140,2024-04-08,2024-04-12,5,335,0.435820895522388,0.3217120800245439,1.088273488320007
81,weekly,expanding,xgboost,2022-08-01,2024-04-12,425,28475,2024-04-15,2024-04-19,5,335,0.3462686567164179,0.3336405135397668,1.102015302807848
82,weekly,expanding,xgboost,2022-08-01,2024-04-19,430,28810,2024-04-22,2024-04-26,5,335,0.4059701492537313,0.2703252789860649,1.096536920067828
83,weekly,expanding,xgboost,2022-08-01,2024-04-26,435,29145,2024-04-29,2024-05-03,5,335,0.5373134328358209,0.313953247555689,1.0062059325406998
84,weekly,expanding,xgboost,2022-08-01,2024-05-03,440,29480,2024-05-06,2024-05-10,5,335,0.826865671641791,0.3017429193899782,0.5285082054983582
85,weekly,expanding,xgboost,2022-08-01,2024-05-10,445,29815,2024-05-13,2024-05-17,5,335,0.7611940298507462,0.2920962199312715,0.7954441214173144
86,weekly,expanding,xgboost,2022-08-01,2024-05-17,450,30150,2024-05-20,2024-05-24,5,335,0.6985074626865672,0.3440287240386201,0.7264907938979533
87,weekly,expanding,xgboost,2022-08-01,2024-05-24,455,30485,2024-05-28,2024-06-03,5,335,0.5223880597014925,0.2385255359203255,0.9715477124142192
88,weekly,expanding,xgboost,2022-08-01,2024-06-03,460,30820,2024-06-04,2024-06-10,5,335,0.5074626865671642,0.3002792666229857,1.1350204593226996
89,weekly,expanding,xgboost,2022-08-01,2024-06-10,465,31155,2024-06-11,2024-06-17,5,335,0.6507462686567164,0.2909287370862323,0.9528180587586949
90,weekly,expanding,xgboost,2022-08-01,2024-06-17,470,31490,2024-06-18,2024-06-25,5,335,0.6805970149253732,0.3894786630229136,0.9474616367456736
91,weekly,expanding,xgboost,2022-08-01,2024-06-25,475,31825,2024-06-26,2024-07-02,5,335,0.6358208955223881,0.2591240875912409,0.9663296238941084
92,weekly,expanding,xgboost,2022-08-01,2024-07-02,480,32160,2024-07-03,2024-07-10,5,334,0.8473053892215568,0.3057806591031874,0.6060347386308775
93,weekly,expanding,xgboost,2022-08-01,2024-07-10,485,32494,2024-07-11,2024-07-17,5,335,0.5223880597014925,0.2287581699346405,1.0866493642637725
94,weekly,expanding,xgboost,2022-08-01,2024-07-17,490,32829,2024-07-18,2024-07-24,5,335,0.426865671641791,0.2286039886039886,1.054041972788355
95,weekly,expanding,xgboost,2022-08-01,2024-07-24,495,33164,2024-07-25,2024-07-31,5,335,0.4059701492537313,0.3217264685335286,1.099422736444309
96,weekly,expanding,xgboost,2022-08-01,2024-07-31,500,33499,2024-08-01,2024-08-07,5,335,0.2567164179104477,0.2531387003288539,1.1579986065450505
97,weekly,expanding,xgboost,2022-08-01,2024-08-07,505,33834,2024-08-08,2024-08-14,5,335,0.2955223880597015,0.242648600431541,1.123180645378858
98,weekly,expanding,xgboost,2022-08-01,2024-08-14,510,34169,2024-08-15,2024-08-21,5,335,0.6597014925373135,0.394281045751634,0.8883729109914132
99,weekly,expanding,xgboost,2022-08-01,2024-08-21,515,34504,2024-08-22,2024-08-28,5,335,0.4567164179104477,0.321946963195069,1.0967933625684836
100,weekly,expanding,xgboost,2022-08-01,2024-08-28,520,34839,2024-08-29,2024-09-05,5,335,0.435820895522388,0.3796690540044869,1.0985281728522414
101,weekly,expanding,xgboost,2022-08-01,2024-09-05,525,35174,2024-09-06,2024-09-12,5,335,0.3343283582089552,0.3196070929608809,1.1807060244574952
102,weekly,expanding,xgboost,2022-08-01,2024-09-12,530,35509,2024-09-13,2024-09-19,5,335,0.4388059701492537,0.3066537311019484,1.0369848115891962
103,weekly,expanding,xgboost,2022-08-01,2024-09-19,535,35844,2024-09-20,2024-09-26,5,335,0.6388059701492538,0.3238456672991777,0.8962138648647964
104,weekly,expanding,xgboost,2022-08-01,2024-09-26,540,36179,2024-09-27,2024-10-03,5,335,0.5343283582089552,0.2453786778318949,0.928683628926293
105,weekly,expanding,xgboost,2022-08-01,2024-10-03,545,36514,2024-10-04,2024-10-10,5,335,0.6059701492537314,0.2996451748413292,0.9752831068391736
106,weekly,expanding,xgboost,2022-08-01,2024-10-10,550,36849,2024-10-11,2024-10-17,5,335,0.7074626865671642,0.2762237762237762,0.8035308930451512
107,weekly,expanding,xgboost,2022-08-01,2024-10-17,555,37184,2024-10-18,2024-10-24,5,335,0.6507462686567164,0.2628089210367691,0.8973664055055978
108,weekly,expanding,xgboost,2022-08-01,2024-10-24,560,37519,2024-10-25,2024-10-31,5,335,0.6805970149253732,0.3129668534080299,0.8717923816072413
109,weekly,expanding,xgboost,2022-08-01,2024-10-31,565,37854,2024-11-01,2024-11-07,5,335,0.6268656716417911,0.2860448055978782,0.9893020884220912
110,weekly,expanding,xgboost,2022-08-01,2024-11-07,570,38189,2024-11-08,2024-11-14,5,335,0.6447761194029851,0.2613430127041742,0.8795955351369379
111,weekly,expanding,xgboost,2022-08-01,2024-11-14,575,38524,2024-11-15,2024-11-21,5,335,0.5970149253731343,0.4255353950321427,0.9562766533008304
112,weekly,expanding,xgboost,2022-08-01,2024-11-21,580,38859,2024-11-22,2024-11-29,5,334,0.7664670658682635,0.289756649688738,0.7731031285995293
113,weekly,expanding,xgboost,2022-08-01,2024-11-29,585,39193,2024-12-02,2024-12-06,5,335,0.8895522388059701,0.3138493944181148,0.5145299191460158
114,weekly,expanding,xgboost,2022-08-01,2024-12-06,590,39528,2024-12-09,2024-12-13,5,335,0.764179104477612,0.2887760857304004,0.7061100169532784
115,weekly,expanding,xgboost,2022-08-01,2024-12-13,595,39863,2024-12-16,2024-12-20,5,335,0.608955223880597,0.4361643034066131,0.8519769740407216
116,weekly,expanding,xgboost,2022-08-01,2024-12-20,600,40198,2024-12-23,2024-12-31,5,335,0.4567164179104477,0.3672788833916338,1.0804524692503583
117,weekly,expanding,xgboost,2022-08-01,2024-12-31,605,40533,2025-01-02,2025-01-08,5,335,0.4417910447761194,0.4041663663952213,1.1326389169976785
118,weekly,expanding,xgboost,2022-08-01,2025-01-08,610,40868,2025-01-10,2025-01-16,5,335,0.4059701492537313,0.3094872429529827,1.1167891048292955
119,weekly,expanding,xgboost,2022-08-01,2025-01-16,615,41203,2025-01-17,2025-01-24,5,335,0.7373134328358208,0.2829324169530355,0.7296345679897496
120,weekly,expanding,xgboost,2022-08-01,2025-01-24,620,41538,2025-01-27,2025-01-31,5,335,0.4955223880597015,0.3198669182600249,1.0628781642156155
121,weekly,expanding,xgboost,2022-08-01,2025-01-31,625,41873,2025-02-03,2025-02-07,5,335,0.5671641791044776,0.3615393664027291,0.903675960319738
122,weekly,expanding,xgboost,2022-08-01,2025-02-07,630,42208,2025-02-10,2025-02-14,5,335,0.6388059701492538,0.2709414715835261,0.8043893294244434
123,weekly,expanding,xgboost,2022-08-01,2025-02-14,635,42543,2025-02-18,2025-02-24,5,335,0.5701492537313433,0.3472013366750208,1.0023684295674495
124,weekly,expanding,xgboost,2022-08-01,2025-02-24,640,42878,2025-02-25,2025-03-03,5,335,0.3671641791044776,0.3702675885776788,1.112831032534746
125,weekly,expanding,xgboost,2022-08-01,2025-03-03,645,43213,2025-03-04,2025-03-10,5,335,0.3104477611940298,0.2412390868842118,1.1078658656765166
126,weekly,expanding,xgboost,2022-08-01,2025-03-10,650,43548,2025-03-11,2025-03-17,5,335,0.3522388059701492,0.323581258847162,1.0894983663553124
127,weekly,expanding,xgboost,2022-08-01,2025-03-17,655,43883,2025-03-18,2025-03-24,5,335,0.4388059701492537,0.3653679653679654,1.073417134974824
128,weekly,expanding,xgboost,2022-08-01,2025-03-24,660,44218,2025-03-25,2025-03-31,5,335,0.3761194029850746,0.3245481687898089,1.1293182586612622
129,weekly,expanding,xgboost,2022-08-01,2025-03-31,665,44553,2025-04-01,2025-04-07,5,335,0.3910447761194029,0.2863862097972549,1.098969916620212
130,weekly,expanding,xgboost,2022-08-01,2025-04-07,670,44888,2025-04-08,2025-04-14,5,335,0.4149253731343283,0.2566005810426843,1.238997951015804
131,weekly,expanding,xgboost,2022-08-01,2025-04-14,675,45223,2025-04-15,2025-04-22,5,335,0.3701492537313433,0.3686879665727283,1.0891568855897034
132,weekly,expanding,xgboost,2022-08-01,2025-04-22,680,45558,2025-04-23,2025-04-29,5,335,0.2716417910447761,0.2120064279155188,1.14495819661562
133,weekly,expanding,xgboost,2022-08-01,2025-04-29,685,45893,2025-04-30,2025-05-06,5,335,0.382089552238806,0.3483197421279256,1.1081570820703872
134,weekly,expanding,xgboost,2022-08-01,2025-05-06,690,46228,2025-05-07,2025-05-13,5,335,0.4626865671641791,0.356029825794405,1.0919355394005
135,weekly,expanding,xgboost,2022-08-01,2025-05-13,695,46563,2025-05-14,2025-05-20,5,335,0.5462686567164179,0.2714120734908136,0.9419439658139336
136,weekly,expanding,xgboost,2022-08-01,2025-05-20,700,46898,2025-05-21,2025-05-28,5,335,0.4835820895522388,0.3308033399776519,0.998939701173062
137,weekly,expanding,xgboost,2022-08-01,2025-05-28,705,47233,2025-05-29,2025-06-04,5,335,0.5552238805970149,0.3563569339263533,1.0110248101329011
138,weekly,expanding,xgboost,2022-08-01,2025-06-04,710,47568,2025-06-05,2025-06-11,5,335,0.5313432835820896,0.2564814814814815,1.0251883107719175
139,weekly,expanding,xgboost,2022-08-01,2025-06-11,715,47903,2025-06-12,2025-06-18,5,335,0.6238805970149254,0.3272150072150072,0.8841227933556935
140,weekly,expanding,xgboost,2022-08-01,2025-06-18,720,48238,2025-06-20,2025-06-26,5,335,0.7134328358208956,0.3172956254508444,0.7521793750907279
141,weekly,expanding,xgboost,2022-08-01,2025-06-26,725,48573,2025-06-27,2025-07-03,5,335,0.7611940298507462,0.288135593220339,0.6673905311156851
142,weekly,expanding,xgboost,2022-08-01,2025-07-03,730,48908,2025-07-07,2025-07-11,5,335,0.7611940298507462,0.3853526508517752,0.7117842345635355
143,weekly,expanding,xgboost,2022-08-01,2025-07-11,735,49243,2025-07-14,2025-07-18,5,335,0.7014925373134329,0.2874684001444564,0.7840071710675736
144,weekly,expanding,xgboost,2022-08-01,2025-07-18,740,49578,2025-07-21,2025-07-25,5,335,0.8417910447761194,0.3047001620745543,0.5560987767263882
145,weekly,expanding,xgboost,2022-08-01,2025-07-25,745,49913,2025-07-28,2025-08-01,5,335,0.5940298507462687,0.3832412714955706,0.9796227204957176
146,weekly,expanding,xgboost,2022-08-01,2025-08-01,750,50248,2025-08-04,2025-08-08,5,335,0.5791044776119403,0.4078792511015376,0.939162585526828
147,weekly,expanding,xgboost,2022-08-01,2025-08-08,755,50583,2025-08-11,2025-08-15,5,335,0.746268656716418,0.3785508894997946,0.7261751360154773
148,weekly,expanding,xgboost,2022-08-01,2025-08-15,760,50918,2025-08-18,2025-08-22,5,335,0.6388059701492538,0.3214791472816404,0.804808911906642
149,weekly,expanding,xgboost,2022-08-01,2025-08-22,765,51253,2025-08-25,2025-08-29,5,335,0.9074626865671642,0.3171622326551904,0.409666928423861
150,weekly,expanding,xgboost,2022-08-01,2025-08-29,770,51588,2025-09-02,2025-09-08,5,335,0.5970149253731343,0.2719979004986316,0.9413045662578432
151,weekly,expanding,xgboost,2022-08-01,2025-09-08,775,51923,2025-09-09,2025-09-15,5,335,0.8626865671641791,0.3112547119009154,0.4084897842872371
152,weekly,expanding,xgboost,2022-08-01,2025-09-15,780,52258,2025-09-16,2025-09-22,5,335,0.8149253731343283,0.4144681004749264,0.6291849178290683
153,weekly,expanding,xgboost,2022-08-01,2025-09-22,785,52593,2025-09-23,2025-09-29,5,335,0.6716417910447762,0.3719876614613457,0.93706896440527
154,weekly,expanding,xgboost,2022-08-01,2025-09-29,790,52928,2025-09-30,2025-10-06,5,335,0.6746268656716418,0.2866129287181918,0.9191957239386634
155,weekly,expanding,xgboost,2022-08-01,2025-10-06,795,53263,2025-10-07,2025-10-13,5,335,0.591044776119403,0.3439677447209878,0.9050127344430466
156,weekly,expanding,xgboost,2022-08-01,2025-10-13,800,53598,2025-10-14,2025-10-20,5,335,0.4835820895522388,0.3850588953530129,1.031722048147456
157,weekly,expanding,xgboost,2022-08-01,2025-10-20,805,53933,2025-10-21,2025-10-27,5,335,0.6805970149253732,0.3794954800556464,0.7429653269596281
158,weekly,expanding,xgboost,2022-08-01,2025-10-27,810,54268,2025-10-28,2025-11-03,5,335,0.608955223880597,0.2979298690325306,0.9344080357766402
159,weekly,expanding,xgboost,2022-08-01,2025-11-03,815,54603,2025-11-04,2025-11-10,5,335,0.3641791044776119,0.2850154846155764,1.064700577140313
160,weekly,expanding,xgboost,2022-08-01,2025-11-10,820,54938,2025-11-11,2025-11-17,5,335,0.4388059701492537,0.3485875554841073,1.0489114638741357
161,weekly,expanding,xgboost,2022-08-01,2025-11-17,825,55273,2025-11-18,2025-11-24,5,335,0.4805970149253731,0.4634636053337113,1.0228877286680271
162,weekly,expanding,xgboost,2022-08-01,2025-11-24,830,55608,2025-11-25,2025-12-02,5,335,0.6835820895522388,0.3905088833111865,0.8538212987248937
163,weekly,expanding,xgboost,2022-08-01,2025-12-02,835,55943,2025-12-03,2025-12-09,5,335,0.7611940298507462,0.288135593220339,0.7092772128242655
164,weekly,expanding,xgboost,2022-08-01,2025-12-09,840,56278,2025-12-10,2025-12-16,5,335,0.5492537313432836,0.2735383213552406,1.0039994916638708
165,weekly,expanding,xgboost,2022-08-01,2025-12-16,845,56613,2025-12-17,2025-12-23,5,335,0.764179104477612,0.4629233652754679,0.6758473422708854
166,weekly,expanding,xgboost,2022-08-01,2025-12-23,850,56948,2025-12-24,2025-12-31,5,335,0.835820895522388,0.3035230352303523,0.5796257347664837
167,weekly,expanding,xgboost,2022-08-01,2025-12-31,855,57283,2026-01-02,2026-01-08,5,335,0.7134328358208956,0.2775842044134727,0.8138848019726136
168,weekly,expanding,xgboost,2022-08-01,2026-01-08,860,57618,2026-01-09,2026-01-15,5,335,0.7044776119402985,0.2755399883245767,0.7730723153115814
169,weekly,expanding,xgboost,2022-08-01,2026-01-15,865,57953,2026-01-16,2026-01-23,5,335,0.5492537313432836,0.4125841814426441,0.9065315850069324
170,weekly,expanding,xgboost,2022-08-01,2026-01-23,870,58288,2026-01-26,2026-01-30,5,335,0.6805970149253732,0.3179487179487179,0.7152072427021303
171,weekly,expanding,xgboost,2022-08-01,2026-01-30,875,58623,2026-02-02,2026-02-06,5,335,0.408955223880597,0.3418397282035226,0.9713461251790316
172,weekly,expanding,xgboost,2022-08-01,2026-02-06,880,58958,2026-02-09,2026-02-13,5,335,0.4805970149253731,0.4180491715765718,0.9812971334531858
173,weekly,expanding,xgboost,2022-08-01,2026-02-13,885,59293,2026-02-17,2026-02-23,5,335,0.4507462686567164,0.3546114742193174,1.0514651587019346
174,weekly,expanding,xgboost,2022-08-01,2026-02-23,890,59628,2026-02-24,2026-03-02,5,335,0.5970149253731343,0.3917657163438894,0.92292800977108
175,weekly,expanding,xgboost,2022-08-01,2026-03-02,895,59963,2026-03-03,2026-03-09,5,335,0.5014925373134328,0.3696461824953445,1.0132736793225618
176,weekly,expanding,xgboost,2022-08-01,2026-03-09,900,60298,2026-03-10,2026-03-16,5,335,0.2537313432835821,0.2156838563010064,1.1501638598562005
177,weekly,expanding,xgboost,2022-08-01,2026-03-16,905,60633,2026-03-17,2026-03-23,5,335,0.444776119402985,0.3986574203791912,1.0449807549834165
178,weekly,expanding,xgboost,2022-08-01,2026-03-23,910,60968,2026-03-24,2026-03-30,5,335,0.3492537313432836,0.3366148093764689,1.0809513379788944
179,weekly,expanding,xgboost,2022-08-01,2026-03-30,915,61303,2026-03-31,2026-04-07,5,335,0.382089552238806,0.3159341303076968,1.1076725158884333
180,weekly,expanding,xgboost,2022-08-01,2026-04-07,920,61638,2026-04-08,2026-04-14,5,335,0.5402985074626866,0.3133491937615649,1.1350381453746337
181,weekly,expanding,xgboost,2022-08-01,2026-04-14,925,61973,2026-04-15,2026-04-21,5,335,0.5791044776119403,0.2578703162163215,0.994488854597612
182,weekly,expanding,xgboost,2022-08-01,2026-04-21,930,62308,2026-04-22,2026-04-28,5,335,0.6567164179104478,0.2696078431372549,0.8188649517464922
183,weekly,expanding,xgboost,2022-08-01,2026-04-28,935,62643,2026-04-29,2026-05-05,5,335,0.6298507462686567,0.2576312576312576,0.8983538950656639
184,weekly,expanding,xgboost,2022-08-01,2026-05-05,940,62978,2026-05-06,2026-05-12,5,335,0.608955223880597,0.2532588454376164,0.9067045721008636
185,weekly,expanding,xgboost,2022-08-01,2026-05-12,945,63313,2026-05-13,2026-05-19,5,335,0.4925373134328358,0.3674377268371638,1.0482529674131371
186,weekly,expanding,xgboost,2022-08-01,2026-05-19,950,63648,2026-05-20,2026-05-27,5,335,0.6029850746268657,0.2639660871240755,0.974487514096984
187,weekly,expanding,xgboost,2022-08-01,2026-05-27,955,63983,2026-05-28,2026-06-03,5,335,0.764179104477612,0.2887760857304004,0.6873643941104296
188,weekly,expanding,xgboost,2022-08-01,2026-06-03,960,64318,2026-06-04,2026-06-10,5,335,0.3940298507462687,0.3209565202599258,1.0174588542795049
189,weekly,expanding,xgboost,2022-08-01,2026-06-10,965,64653,2026-06-11,2026-06-17,5,335,0.4895522388059701,0.3976827591371767,1.044702013215672
190,weekly,expanding,xgboost,2022-08-01,2026-06-17,970,64988,2026-06-18,2026-06-25,5,335,0.4835820895522388,0.3907682907682908,1.0168415453393786
191,weekly,expanding,xgboost,2022-08-01,2026-06-25,975,65323,2026-06-26,2026-07-02,5,335,0.5014925373134328,0.3271796025305366,0.9419311993581958
192,weekly,expanding,xgboost,2022-08-01,2026-07-02,980,65658,2026-07-06,2026-07-10,5,335,0.6865671641791045,0.3772333942717855,0.7757754684411766
193,weekly,expanding,xgboost,2022-08-01,2026-07-10,985,65993,2026-07-13,2026-07-17,5,335,0.6029850746268657,0.2732991534834852,0.9434068439744584
194,weekly,expanding,xgboost,2022-08-01,2026-07-17,990,66328,2026-07-20,2026-07-24,5,335,0.582089552238806,0.3258256322086109,0.8816178284491951
195,weekly,expanding,xgboost,2022-08-01,2026-07-24,995,66663,2026-07-27,2026-07-30,4,268,0.4104477611940298,0.3208441200223429,1.1023398324177764
0,monthly,expanding,xgboost,2022-08-01,2022-08-26,20,1340,2022-08-29,2022-09-27,21,1407,0.3610518834399431,0.3107686228698534,1.3991462348162331
1,monthly,expanding,xgboost,2022-08-01,2022-09-27,41,2747,2022-09-28,2022-10-26,21,1407,0.3368869936034115,0.3242514712720631,1.3931309232728797
2,monthly,expanding,xgboost,2022-08-01,2022-10-26,62,4154,2022-10-27,2022-11-28,21,1407,0.3041933191186922,0.2981483361889301,1.217963825157534
3,monthly,expanding,xgboost,2022-08-01,2022-11-28,83,5561,2022-11-29,2022-12-28,21,1407,0.326226012793177,0.2821244406176067,1.3193836097711436
4,monthly,expanding,xgboost,2022-08-01,2022-12-28,104,6968,2022-12-29,2023-01-30,21,1407,0.3205401563610519,0.3079702980189587,1.1549045941894889
5,monthly,expanding,xgboost,2022-08-01,2023-01-30,125,8375,2023-01-31,2023-03-01,21,1407,0.4392324093816631,0.3566302134095025,1.1138899763243744
6,monthly,expanding,xgboost,2022-08-01,2023-03-01,146,9782,2023-03-02,2023-03-30,21,1407,0.3781094527363184,0.3547638104730002,1.1220864293503383
7,monthly,expanding,xgboost,2022-08-01,2023-03-30,167,11189,2023-03-31,2023-05-01,21,1407,0.5266524520255863,0.3531168786402872,1.0127409893693835
8,monthly,expanding,xgboost,2022-08-01,2023-05-01,188,12596,2023-05-02,2023-05-31,21,1407,0.5167022032693674,0.3472369709172833,1.0375795347925167
9,monthly,expanding,xgboost,2022-08-01,2023-05-31,209,14003,2023-06-01,2023-06-30,21,1407,0.4740582800284292,0.2886094404957171,1.100420737235732
10,monthly,expanding,xgboost,2022-08-01,2023-06-30,230,15410,2023-07-05,2023-08-02,21,1407,0.6801705756929638,0.2789704324765775,0.8354031028255954
11,monthly,expanding,xgboost,2022-08-01,2023-08-02,251,16817,2023-08-03,2023-08-31,21,1407,0.4605543710021322,0.3000005261872734,1.1099244703205118
12,monthly,expanding,xgboost,2022-08-01,2023-08-31,272,18224,2023-09-01,2023-10-02,21,1407,0.5600568585643213,0.3647028352910705,0.9649254931903088
13,monthly,expanding,xgboost,2022-08-01,2023-10-02,293,19631,2023-10-03,2023-10-31,21,1407,0.378820184790334,0.3132747531335766,1.1124446183824863
14,monthly,expanding,xgboost,2022-08-01,2023-10-31,314,21038,2023-11-01,2023-12-01,21,1407,0.501776830135039,0.2955562453393136,1.013122392406628
15,monthly,expanding,xgboost,2022-08-01,2023-12-01,335,22445,2023-12-04,2024-01-03,21,1407,0.6801705756929638,0.3212833080432168,0.8500573398022863
16,monthly,expanding,xgboost,2022-08-01,2024-01-03,356,23852,2024-01-04,2024-02-02,21,1407,0.5444207533759773,0.312202151461907,1.0914418566891602
17,monthly,expanding,xgboost,2022-08-01,2024-02-02,377,25259,2024-02-05,2024-03-05,21,1407,0.6090973702914001,0.3329061127314163,0.9181051099566432
18,monthly,expanding,xgboost,2022-08-01,2024-03-05,398,26666,2024-03-06,2024-04-04,21,1407,0.6538734896943852,0.3080239401470069,0.8306492269517513
19,monthly,expanding,xgboost,2022-08-01,2024-04-04,419,28073,2024-04-05,2024-05-03,21,1407,0.4392324093816631,0.389408940627487,1.075808542472513
20,monthly,expanding,xgboost,2022-08-01,2024-05-03,440,29480,2024-05-06,2024-06-04,21,1407,0.6993603411513859,0.3315693328129911,0.811815628214792
21,monthly,expanding,xgboost,2022-08-01,2024-06-04,461,30887,2024-06-05,2024-07-05,21,1406,0.5376955903271693,0.2873873873873874,1.0700055863732385
22,monthly,expanding,xgboost,2022-08-01,2024-07-05,482,32293,2024-07-08,2024-08-05,21,1407,0.4498933901918976,0.3412899043611777,1.0142381926086994
23,monthly,expanding,xgboost,2022-08-01,2024-08-05,503,33700,2024-08-06,2024-09-04,21,1407,0.44136460554371,0.3721194945106549,1.055988262585306
24,monthly,expanding,xgboost,2022-08-01,2024-09-04,524,35107,2024-09-05,2024-10-03,21,1407,0.36318407960199,0.2962976376538745,1.150037687402132
25,monthly,expanding,xgboost,2022-08-01,2024-10-03,545,36514,2024-10-04,2024-11-01,21,1407,0.6389481165600569,0.3195124214933459,0.8951052041009542
26,monthly,expanding,xgboost,2022-08-01,2024-11-01,566,37921,2024-11-04,2024-12-03,21,1406,0.6770981507823614,0.3269037319826084,0.903548896489282
27,monthly,expanding,xgboost,2022-08-01,2024-12-03,587,39327,2024-12-04,2025-01-06,21,1407,0.5998578535891969,0.3467255185002595,0.8833489217800047
28,monthly,expanding,xgboost,2022-08-01,2025-01-06,608,40734,2025-01-07,2025-02-06,21,1407,0.5380241648898365,0.3407135620350113,0.9646729202510966
29,monthly,expanding,xgboost,2022-08-01,2025-02-06,629,42141,2025-02-07,2025-03-10,21,1407,0.4498933901918976,0.4099120600712655,1.037793690175462
30,monthly,expanding,xgboost,2022-08-01,2025-03-10,650,43548,2025-03-11,2025-04-08,21,1407,0.3603411513859275,0.3491145850875876,1.133486669375691
31,monthly,expanding,xgboost,2022-08-01,2025-04-08,671,44955,2025-04-09,2025-05-08,21,1407,0.3041933191186922,0.2574787027237685,1.1929122081663686
32,monthly,expanding,xgboost,2022-08-01,2025-05-08,692,46362,2025-05-09,2025-06-09,21,1407,0.4875621890547263,0.3467467134129836,1.0400437730995782
33,monthly,expanding,xgboost,2022-08-01,2025-06-09,713,47769,2025-06-10,2025-07-10,21,1407,0.6901208244491827,0.3410177792294346,0.805858106091648
34,monthly,expanding,xgboost,2022-08-01,2025-07-10,734,49176,2025-07-11,2025-08-08,21,1407,0.7121535181236673,0.3429493864276473,0.7569533563510379
35,monthly,expanding,xgboost,2022-08-01,2025-08-08,755,50583,2025-08-11,2025-09-09,21,1407,0.720682302771855,0.3422111674810595,0.7425942826219019
36,monthly,expanding,xgboost,2022-08-01,2025-09-09,776,51990,2025-09-10,2025-10-08,21,1407,0.7526652452025586,0.3408375821471632,0.7084288961256686
37,monthly,expanding,xgboost,2022-08-01,2025-10-08,797,53397,2025-10-09,2025-11-06,21,1407,0.5657427149964463,0.351270308533312,0.9399768337083292
38,monthly,expanding,xgboost,2022-08-01,2025-11-06,818,54804,2025-11-07,2025-12-08,21,1407,0.550817341862118,0.4461841180428321,0.9482623108221472
39,monthly,expanding,xgboost,2022-08-01,2025-12-08,839,56211,2025-12-09,2026-01-08,21,1407,0.6915422885572139,0.3060044271050615,0.7599708636136796
40,monthly,expanding,xgboost,2022-08-01,2026-01-08,860,57618,2026-01-09,2026-02-09,21,1407,0.6297085998578535,0.4710819761362336,0.8263647835683595
41,monthly,expanding,xgboost,2022-08-01,2026-02-09,881,59025,2026-02-10,2026-03-11,21,1407,0.4740582800284292,0.4040934252378418,1.020515783852694
42,monthly,expanding,xgboost,2022-08-01,2026-03-11,902,60432,2026-03-12,2026-04-10,21,1407,0.3823738450604122,0.3554403786064748,1.0943739221281674
43,monthly,expanding,xgboost,2022-08-01,2026-04-10,923,61839,2026-04-13,2026-05-11,21,1407,0.6048329779673063,0.2826269488720495,0.9764444609698992
44,monthly,expanding,xgboost,2022-08-01,2026-05-11,944,63246,2026-05-12,2026-06-10,21,1407,0.5515280739161336,0.3259912763164461,0.9727209773578877
45,monthly,expanding,xgboost,2022-08-01,2026-06-10,965,64653,2026-06-11,2026-07-13,21,1407,0.5252309879175551,0.3904116728018718,0.9844753375784138
46,monthly,expanding,xgboost,2022-08-01,2026-07-13,986,66060,2026-07-14,2026-07-30,13,871,0.521239954075775,0.3153075809680049,0.9819489867271104
0,weekly,expanding,lstm,2022-08-01,2022-08-26,20,1284,2022-08-29,2022-09-02,5,335,0.3582089552238806,0.3533185849590672,2.15586507249015
1,weekly,expanding,lstm,2022-08-01,2022-09-02,25,1619,2022-09-06,2022-09-12,5,335,0.3701492537313433,0.3645658070251164,1.8343251684346973
2,weekly,expanding,lstm,2022-08-01,2022-09-12,30,1954,2022-09-13,2022-09-19,5,335,0.4,0.37187102831274615,1.6591917088856405
3,weekly,expanding,lstm,2022-08-01,2022-09-19,35,2289,2022-09-20,2022-09-26,5,335,0.36716417910447763,0.3596816551894602,1.9209919210681574
4,weekly,expanding,lstm,2022-08-01,2022-09-26,40,2624,2022-09-27,2022-10-03,5,335,0.3194029850746269,0.2766400632215035,2.7361049117703717
5,weekly,expanding,lstm,2022-08-01,2022-10-03,45,2959,2022-10-04,2022-10-10,5,335,0.2208955223880597,0.22100836220790462,2.2423230844338016
6,weekly,expanding,lstm,2022-08-01,2022-10-10,50,3294,2022-10-11,2022-10-17,5,335,0.2746268656716418,0.26275104240111835,2.338696980525349
7,weekly,expanding,lstm,2022-08-01,2022-10-17,55,3629,2022-10-18,2022-10-24,5,335,0.29253731343283584,0.27263619695886515,2.6574465871746322
8,weekly,expanding,lstm,2022-08-01,2022-10-24,60,3964,2022-10-25,2022-10-31,5,335,0.31044776119402984,0.2986645299145299,1.5804811529327742
9,weekly,expanding,lstm,2022-08-01,2022-10-31,65,4299,2022-11-01,2022-11-07,5,335,0.4417910447761194,0.4315999359249985,1.312111700265048
10,weekly,expanding,lstm,2022-08-01,2022-11-07,70,4634,2022-11-08,2022-11-14,5,335,0.33134328358208953,0.3038355893819363,1.7024049425015466
11,weekly,expanding,lstm,2022-08-01,2022-11-14,75,4969,2022-11-15,2022-11-21,5,335,0.40298507462686567,0.40560121140888467,1.3136140749836427
12,weekly,expanding,lstm,2022-08-01,2022-11-21,80,5304,2022-11-22,2022-11-30,5,335,0.3074626865671642,0.2756954162356388,1.432948681471321
13,weekly,expanding,lstm,2022-08-01,2022-11-30,85,5639,2022-12-01,2022-12-07,5,335,0.3582089552238806,0.3556009965007272,1.8343297457729573
14,weekly,expanding,lstm,2022-08-01,2022-12-07,90,5974,2022-12-08,2022-12-14,5,335,0.3701492537313433,0.33925741340909,1.3972554813319153
15,weekly,expanding,lstm,2022-08-01,2022-12-14,95,6309,2022-12-15,2022-12-21,5,335,0.3253731343283582,0.3241319120119559,1.993748540707137
16,weekly,expanding,lstm,2022-08-01,2022-12-21,100,6644,2022-12-22,2022-12-29,5,335,0.31343283582089554,0.3113834390886249,1.6693479961422242
17,weekly,expanding,lstm,2022-08-01,2022-12-29,105,6979,2022-12-30,2023-01-06,5,335,0.3402985074626866,0.33671119216229267,1.639288651945662
18,weekly,expanding,lstm,2022-08-01,2023-01-06,110,7314,2023-01-09,2023-01-13,5,335,0.34626865671641793,0.2999516074542781,1.743182616409493
19,weekly,expanding,lstm,2022-08-01,2023-01-13,115,7649,2023-01-17,2023-01-23,5,335,0.3582089552238806,0.32883022774327125,1.5796700466551996
20,weekly,expanding,lstm,2022-08-01,2023-01-23,120,7984,2023-01-24,2023-01-30,5,335,0.3611940298507463,0.32874079157323205,1.436025986310481
21,weekly,expanding,lstm,2022-08-01,2023-01-30,125,8319,2023-01-31,2023-02-06,5,335,0.4537313432835821,0.43633994321710584,1.2259354594031895
22,weekly,expanding,lstm,2022-08-01,2023-02-06,130,8654,2023-02-07,2023-02-13,5,335,0.3402985074626866,0.3324177345548725,1.7415349481851963
23,weekly,expanding,lstm,2022-08-01,2023-02-13,135,8989,2023-02-14,2023-02-21,5,335,0.4507462686567164,0.44871794871794873,1.2096833152138913
24,weekly,expanding,lstm,2022-08-01,2023-02-21,140,9324,2023-02-22,2023-02-28,5,335,0.3164179104477612,0.2880395531706659,1.585554563433154
25,weekly,expanding,lstm,2022-08-01,2023-02-28,145,9659,2023-03-01,2023-03-07,5,335,0.3761194029850746,0.37098449608046274,1.415492537638311
26,weekly,expanding,lstm,2022-08-01,2023-03-07,150,9994,2023-03-08,2023-03-14,5,335,0.32238805970149254,0.30720208654336073,1.7509447435573333
27,weekly,expanding,lstm,2022-08-01,2023-03-14,155,10329,2023-03-15,2023-03-21,5,335,0.31343283582089554,0.3106810737616425,1.489851503417957
28,weekly,expanding,lstm,2022-08-01,2023-03-21,160,10664,2023-03-22,2023-03-28,5,335,0.373134328358209,0.35824492971364535,1.2640435184450485
29,weekly,expanding,lstm,2022-08-01,2023-03-28,165,10999,2023-03-29,2023-04-04,5,335,0.3641791044776119,0.29443671295286783,1.3215428683732933
30,weekly,expanding,lstm,2022-08-01,2023-04-04,170,11334,2023-04-05,2023-04-12,5,335,0.4626865671641791,0.3538687896488914,1.1318016324765243
31,weekly,expanding,lstm,2022-08-01,2023-04-12,175,11669,2023-04-13,2023-04-19,5,335,0.5164179104477612,0.329339941104647,1.0992220422957875
32,weekly,expanding,lstm,2022-08-01,2023-04-19,180,12004,2023-04-20,2023-04-26,5,335,0.48955223880597015,0.3723160173160173,1.3962808184732804
33,weekly,expanding,lstm,2022-08-01,2023-04-26,185,12339,2023-04-27,2023-05-03,5,335,0.3164179104477612,0.2391008828605814,1.386257933009992
34,weekly,expanding,lstm,2022-08-01,2023-05-03,190,12674,2023-05-04,2023-05-10,5,335,0.45671641791044776,0.4418946075694987,1.003329956825963
35,weekly,expanding,lstm,2022-08-01,2023-05-10,195,13009,2023-05-11,2023-05-17,5,335,0.3641791044776119,0.2911244242513592,1.2624214182262337
36,weekly,expanding,lstm,2022-08-01,2023-05-17,200,13344,2023-05-18,2023-05-24,5,335,0.43582089552238806,0.3442134443789144,1.2396964922852396
37,weekly,expanding,lstm,2022-08-01,2023-05-24,205,13679,2023-05-25,2023-06-01,5,335,0.4298507462686567,0.29621993934977314,1.2532432282898145
38,weekly,expanding,lstm,2022-08-01,2023-06-01,210,14014,2023-06-02,2023-06-08,5,335,0.48656716417910445,0.4288704137392662,1.0896040186040175
39,weekly,expanding,lstm,2022-08-01,2023-06-08,215,14349,2023-06-09,2023-06-15,5,335,0.4716417910447761,0.37795732084147576,1.1780862421578808
40,weekly,expanding,lstm,2022-08-01,2023-06-15,220,14684,2023-06-16,2023-06-23,5,335,0.48059701492537316,0.3487105571866238,1.2210962296979206
41,weekly,expanding,lstm,2022-08-01,2023-06-23,225,15019,2023-06-26,2023-06-30,5,335,0.5283582089552239,0.33453233796771914,0.9629577183753154
42,weekly,expanding,lstm,2022-08-01,2023-06-30,230,15354,2023-07-05,2023-07-11,5,335,0.5462686567164179,0.35332223562633525,1.1368475834370602
43,weekly,expanding,lstm,2022-08-01,2023-07-11,235,15689,2023-07-12,2023-07-18,5,335,0.6358208955223881,0.3545951853935461,0.9229861103492969
44,weekly,expanding,lstm,2022-08-01,2023-07-18,240,16024,2023-07-19,2023-07-25,5,335,0.5791044776119403,0.33694771438195903,1.000960713025716
45,weekly,expanding,lstm,2022-08-01,2023-07-25,245,16359,2023-07-26,2023-08-01,5,335,0.6746268656716418,0.44521067670316566,0.9044228582397656
46,weekly,expanding,lstm,2022-08-01,2023-08-01,250,16694,2023-08-02,2023-08-08,5,335,0.408955223880597,0.3112843255121458,1.2185568464205176
47,weekly,expanding,lstm,2022-08-01,2023-08-08,255,17029,2023-08-09,2023-08-15,5,335,0.3164179104477612,0.2503352128327857,1.512452560597234
48,weekly,expanding,lstm,2022-08-01,2023-08-15,260,17364,2023-08-16,2023-08-22,5,335,0.28955223880597014,0.2525997064495971,1.5382000820165922
49,weekly,expanding,lstm,2022-08-01,2023-08-22,265,17699,2023-08-23,2023-08-29,5,335,0.29253731343283584,0.24080730622786697,1.3916116154951232
50,weekly,expanding,lstm,2022-08-01,2023-08-29,270,18034,2023-08-30,2023-09-06,5,335,0.48955223880597015,0.3505374276393261,1.169884747200394
51,weekly,expanding,lstm,2022-08-01,2023-09-06,275,18369,2023-09-07,2023-09-13,5,335,0.6626865671641791,0.28892821874238517,0.9535674005375688
52,weekly,expanding,lstm,2022-08-01,2023-09-13,280,18704,2023-09-14,2023-09-20,5,335,0.6,0.44475075995608737,0.904782507037854
53,weekly,expanding,lstm,2022-08-01,2023-09-20,285,19039,2023-09-21,2023-09-27,5,335,0.34626865671641793,0.2821105970478079,1.3219641041697257
54,weekly,expanding,lstm,2022-08-01,2023-09-27,290,19374,2023-09-28,2023-10-04,5,335,0.4,0.3956495476716701,1.1423436741101622
55,weekly,expanding,lstm,2022-08-01,2023-10-04,295,19709,2023-10-05,2023-10-11,5,335,0.3402985074626866,0.2794304602084922,1.3912356785818478
56,weekly,expanding,lstm,2022-08-01,2023-10-11,300,20044,2023-10-12,2023-10-18,5,335,0.4,0.38862030936558184,1.2172966000553676
57,weekly,expanding,lstm,2022-08-01,2023-10-18,305,20379,2023-10-19,2023-10-25,5,335,0.2537313432835821,0.2539535472584135,1.572564858015163
58,weekly,expanding,lstm,2022-08-01,2023-10-25,310,20714,2023-10-26,2023-11-01,5,335,0.3164179104477612,0.29820039475211885,1.3741003804644691
59,weekly,expanding,lstm,2022-08-01,2023-11-01,315,21049,2023-11-02,2023-11-08,5,335,0.5432835820895522,0.32931350067141824,1.2313697225954097
60,weekly,expanding,lstm,2022-08-01,2023-11-08,320,21384,2023-11-09,2023-11-15,5,335,0.5044776119402985,0.4273762846761564,1.1056581501007063
61,weekly,expanding,lstm,2022-08-01,2023-11-15,325,21719,2023-11-16,2023-11-22,5,335,0.7432835820895523,0.28620689655172415,0.8040490681320904
62,weekly,expanding,lstm,2022-08-01,2023-11-22,330,22054,2023-11-27,2023-12-01,5,335,0.6,0.26425143953934743,1.0369473295242948
63,weekly,expanding,lstm,2022-08-01,2023-12-01,335,22389,2023-12-04,2023-12-08,5,335,0.5791044776119403,0.28674889310562934,1.0879427524689578
64,weekly,expanding,lstm,2022-08-01,2023-12-08,340,22724,2023-12-11,2023-12-15,5,335,0.6417910447761194,0.3747287597039546,0.9535633315288949
65,weekly,expanding,lstm,2022-08-01,2023-12-15,345,23059,2023-12-18,2023-12-22,5,335,0.5850746268656717,0.37785409064083425,0.8493580796946094
66,weekly,expanding,lstm,2022-08-01,2023-12-22,350,23394,2023-12-26,2024-01-02,5,335,0.6507462686567164,0.363137052974855,0.7261449169378101
67,weekly,expanding,lstm,2022-08-01,2024-01-02,355,23729,2024-01-03,2024-01-09,5,335,0.4388059701492537,0.3103592754277686,1.1250752283554302
68,weekly,expanding,lstm,2022-08-01,2024-01-09,360,24064,2024-01-10,2024-01-17,5,335,0.46567164179104475,0.2638378923888592,1.2651930721212454
69,weekly,expanding,lstm,2022-08-01,2024-01-17,365,24399,2024-01-18,2024-01-24,5,335,0.6328358208955224,0.4055554017709831,1.0235600282757902
70,weekly,expanding,lstm,2022-08-01,2024-01-24,370,24734,2024-01-25,2024-01-31,5,335,0.5880597014925373,0.3331998459173827,1.0535099531037935
71,weekly,expanding,lstm,2022-08-01,2024-01-31,375,25069,2024-02-01,2024-02-07,5,335,0.4955223880597015,0.41163772175536884,1.0020722254982244
72,weekly,expanding,lstm,2022-08-01,2024-02-07,380,25404,2024-02-08,2024-02-14,5,335,0.608955223880597,0.4304081810322662,1.0114138048177912
73,weekly,expanding,lstm,2022-08-01,2024-02-14,385,25739,2024-02-15,2024-02-22,5,335,0.4835820895522388,0.2951851851851852,1.1337891705003937
74,weekly,expanding,lstm,2022-08-01,2024-02-22,390,26074,2024-02-23,2024-02-29,5,335,0.6507462686567164,0.31461275851519754,0.8311248604763919
75,weekly,expanding,lstm,2022-08-01,2024-02-29,395,26409,2024-03-01,2024-03-07,5,335,0.5940298507462687,0.4174476215554521,0.9491930291387961
76,weekly,expanding,lstm,2022-08-01,2024-03-07,400,26744,2024-03-08,2024-03-14,5,335,0.5402985074626866,0.4575219577102816,1.0106994300010368
77,weekly,expanding,lstm,2022-08-01,2024-03-14,405,27079,2024-03-15,2024-03-21,5,335,0.5611940298507463,0.3128782606861939,1.075308127495324
78,weekly,expanding,lstm,2022-08-01,2024-03-21,410,27414,2024-03-22,2024-03-28,5,335,0.8238805970149253,0.3599778883360973,0.5281756912405783
79,weekly,expanding,lstm,2022-08-01,2024-03-28,415,27749,2024-04-01,2024-04-05,5,335,0.5313432835820896,0.3992178513917644,1.1182963419679448
80,weekly,expanding,lstm,2022-08-01,2024-04-05,420,28084,2024-04-08,2024-04-12,5,335,0.373134328358209,0.32922678789668214,1.2631779267507057
81,weekly,expanding,lstm,2022-08-01,2024-04-12,425,28419,2024-04-15,2024-04-19,5,335,0.373134328358209,0.36264035288276025,1.462541043919989
82,weekly,expanding,lstm,2022-08-01,2024-04-19,430,28754,2024-04-22,2024-04-26,5,335,0.3850746268656716,0.3255924416539271,1.2225487793279928
83,weekly,expanding,lstm,2022-08-01,2024-04-26,435,29089,2024-04-29,2024-05-03,5,335,0.382089552238806,0.31863464414128106,1.1729112773330266
84,weekly,expanding,lstm,2022-08-01,2024-05-03,440,29424,2024-05-06,2024-05-10,5,335,0.8208955223880597,0.4988505747126437,0.5448404882003894
85,weekly,expanding,lstm,2022-08-01,2024-05-10,445,29759,2024-05-13,2024-05-17,5,335,0.6776119402985075,0.279755143253818,0.8225775602546674
86,weekly,expanding,lstm,2022-08-01,2024-05-17,450,30094,2024-05-20,2024-05-24,5,335,0.608955223880597,0.2942162563595295,0.9872122676702271
87,weekly,expanding,lstm,2022-08-01,2024-05-24,455,30429,2024-05-28,2024-06-03,5,335,0.564179104477612,0.4214522120905099,1.011457047611553
88,weekly,expanding,lstm,2022-08-01,2024-06-03,460,30764,2024-06-04,2024-06-10,5,335,0.582089552238806,0.38810934118516444,0.8719855162130379
89,weekly,expanding,lstm,2022-08-01,2024-06-10,465,31099,2024-06-11,2024-06-17,5,335,0.5582089552238806,0.3529141705890743,1.0608597558658823
90,weekly,expanding,lstm,2022-08-01,2024-06-17,470,31434,2024-06-18,2024-06-25,5,335,0.6268656716417911,0.36335454446110965,0.9256744031941699
91,weekly,expanding,lstm,2022-08-01,2024-06-25,475,31769,2024-06-26,2024-07-02,5,335,0.4716417910447761,0.28611488599840373,1.17648966943259
92,weekly,expanding,lstm,2022-08-01,2024-07-02,480,32104,2024-07-03,2024-07-10,5,334,0.8143712574850299,0.2992299229922992,0.6588527197040586
93,weekly,expanding,lstm,2022-08-01,2024-07-10,485,32438,2024-07-11,2024-07-17,5,335,0.4208955223880597,0.3558525944490856,1.1222224278835895
94,weekly,expanding,lstm,2022-08-01,2024-07-17,490,32773,2024-07-18,2024-07-24,5,335,0.4716417910447761,0.4409566066287822,1.1021060171551251
95,weekly,expanding,lstm,2022-08-01,2024-07-24,495,33108,2024-07-25,2024-07-31,5,335,0.31044776119402984,0.30472540881359006,1.3675151629818492
96,weekly,expanding,lstm,2022-08-01,2024-07-31,500,33443,2024-08-01,2024-08-07,5,335,0.33134328358208953,0.28513441860989835,1.375449477499772
97,weekly,expanding,lstm,2022-08-01,2024-08-07,505,33778,2024-08-08,2024-08-14,5,335,0.3970149253731343,0.3691611347735441,1.2430744770561986
98,weekly,expanding,lstm,2022-08-01,2024-08-14,510,34113,2024-08-15,2024-08-21,5,335,0.6059701492537314,0.3561243775135796,0.8464228525604396
99,weekly,expanding,lstm,2022-08-01,2024-08-21,515,34448,2024-08-22,2024-08-28,5,335,0.33432835820895523,0.2735012046684815,1.425082553110327
100,weekly,expanding,lstm,2022-08-01,2024-08-28,520,34783,2024-08-29,2024-09-05,5,335,0.3253731343283582,0.2908444492206565,1.5487478535617947
101,weekly,expanding,lstm,2022-08-01,2024-09-05,525,35118,2024-09-06,2024-09-12,5,335,0.35522388059701493,0.33738183386582793,1.2954553669709035
102,weekly,expanding,lstm,2022-08-01,2024-09-12,530,35453,2024-09-13,2024-09-19,5,335,0.45671641791044776,0.3497631400857207,1.2330216024023675
103,weekly,expanding,lstm,2022-08-01,2024-09-19,535,35788,2024-09-20,2024-09-26,5,335,0.591044776119403,0.3079741756418379,0.8644393678278668
104,weekly,expanding,lstm,2022-08-01,2024-09-26,540,36123,2024-09-27,2024-10-03,5,335,0.5611940298507463,0.45348115127877636,0.9769082280779325
105,weekly,expanding,lstm,2022-08-01,2024-10-03,545,36458,2024-10-04,2024-10-10,5,335,0.46865671641791046,0.2937884024577573,1.1757146399418357
106,weekly,expanding,lstm,2022-08-01,2024-10-10,550,36793,2024-10-11,2024-10-17,5,335,0.6417910447761194,0.38753970662558607,0.8998519244678005
107,weekly,expanding,lstm,2022-08-01,2024-10-17,555,37128,2024-10-18,2024-10-24,5,335,0.6208955223880597,0.30221787167704456,0.9531077830960992
108,weekly,expanding,lstm,2022-08-01,2024-10-24,560,37463,2024-10-25,2024-10-31,5,335,0.6,0.38741453366813744,0.9720323489802136
109,weekly,expanding,lstm,2022-08-01,2024-10-31,565,37798,2024-11-01,2024-11-07,5,335,0.5701492537313433,0.37685834833430193,1.0304664115581648
110,weekly,expanding,lstm,2022-08-01,2024-11-07,570,38133,2024-11-08,2024-11-14,5,335,0.5791044776119403,0.3312125874677656,1.0363180860862855
111,weekly,expanding,lstm,2022-08-01,2024-11-14,575,38468,2024-11-15,2024-11-21,5,335,0.45671641791044776,0.3215581675708258,1.1215152253600706
112,weekly,expanding,lstm,2022-08-01,2024-11-21,580,38803,2024-11-22,2024-11-29,5,334,0.6916167664670658,0.3395359214636324,0.8667296450270054
113,weekly,expanding,lstm,2022-08-01,2024-11-29,585,39137,2024-12-02,2024-12-06,5,335,0.8716417910447761,0.31047315257841573,0.5322403297945606
114,weekly,expanding,lstm,2022-08-01,2024-12-06,590,39472,2024-12-09,2024-12-13,5,335,0.7253731343283583,0.30711753999425234,0.706351706403286
115,weekly,expanding,lstm,2022-08-01,2024-12-13,595,39807,2024-12-16,2024-12-20,5,335,0.5611940298507463,0.44084804084804086,1.0456961059451653
116,weekly,expanding,lstm,2022-08-01,2024-12-20,600,40142,2024-12-23,2024-12-31,5,335,0.37910447761194027,0.3322700528582882,1.2220742609252837
117,weekly,expanding,lstm,2022-08-01,2024-12-31,605,40477,2025-01-02,2025-01-08,5,335,0.3880597014925373,0.3772309999268524,1.324676316285416
118,weekly,expanding,lstm,2022-08-01,2025-01-08,610,40812,2025-01-10,2025-01-16,5,335,0.3940298507462687,0.38941798941798944,1.3674150028591852
119,weekly,expanding,lstm,2022-08-01,2025-01-16,615,41147,2025-01-17,2025-01-24,5,335,0.5462686567164179,0.2435129740518962,1.0081928010434513
120,weekly,expanding,lstm,2022-08-01,2025-01-24,620,41482,2025-01-27,2025-01-31,5,335,0.41492537313432837,0.3625738767949486,1.1619500459117462
121,weekly,expanding,lstm,2022-08-01,2025-01-31,625,41817,2025-02-03,2025-02-07,5,335,0.608955223880597,0.538113759851826,0.8611862174922007
122,weekly,expanding,lstm,2022-08-01,2025-02-07,630,42152,2025-02-10,2025-02-14,5,335,0.6626865671641791,0.34061365286855483,0.7863433184712586
123,weekly,expanding,lstm,2022-08-01,2025-02-14,635,42487,2025-02-18,2025-02-24,5,335,0.5402985074626866,0.32235901367705067,1.086998249462886
124,weekly,expanding,lstm,2022-08-01,2025-02-24,640,42822,2025-02-25,2025-03-03,5,335,0.3164179104477612,0.30649098866577057,1.4338717393214335
125,weekly,expanding,lstm,2022-08-01,2025-03-03,645,43157,2025-03-04,2025-03-10,5,335,0.2507462686567164,0.19548433274795904,1.4464603676740213
126,weekly,expanding,lstm,2022-08-01,2025-03-10,650,43492,2025-03-11,2025-03-17,5,335,0.30149253731343284,0.2973840622759969,1.4232957569758824
127,weekly,expanding,lstm,2022-08-01,2025-03-17,655,43827,2025-03-18,2025-03-24,5,335,0.3641791044776119,0.288837715089874,1.237971531739734
128,weekly,expanding,lstm,2022-08-01,2025-03-24,660,44162,2025-03-25,2025-03-31,5,335,0.3641791044776119,0.3254317673223878,1.127447204338122
129,weekly,expanding,lstm,2022-08-01,2025-03-31,665,44497,2025-04-01,2025-04-07,5,335,0.31044776119402984,0.292366804841796,1.1325288643458926
130,weekly,expanding,lstm,2022-08-01,2025-04-07,670,44832,2025-04-08,2025-04-14,5,335,0.373134328358209,0.2810546355413674,1.174867563633095
131,weekly,expanding,lstm,2022-08-01,2025-04-14,675,45167,2025-04-15,2025-04-22,5,335,0.3074626865671642,0.29469003911114705,1.4677363245944408
132,weekly,expanding,lstm,2022-08-01,2025-04-22,680,45502,2025-04-23,2025-04-29,5,335,0.34626865671641793,0.3402262995603816,1.2261549625117512
133,weekly,expanding,lstm,2022-08-01,2025-04-29,685,45837,2025-04-30,2025-05-06,5,335,0.39104477611940297,0.34945582883727216,1.1482896068618715
134,weekly,expanding,lstm,2022-08-01,2025-05-06,690,46172,2025-05-07,2025-05-13,5,335,0.3940298507462687,0.31164235953163727,1.1909055898784056
135,weekly,expanding,lstm,2022-08-01,2025-05-13,695,46507,2025-05-14,2025-05-20,5,335,0.5462686567164179,0.3834340679078421,1.0188136241119623
136,weekly,expanding,lstm,2022-08-01,2025-05-20,700,46842,2025-05-21,2025-05-28,5,335,0.5104477611940299,0.39884615384615385,1.0172007258777458
137,weekly,expanding,lstm,2022-08-01,2025-05-28,705,47177,2025-05-29,2025-06-04,5,335,0.43283582089552236,0.3522403522403523,1.1109283222729534
138,weekly,expanding,lstm,2022-08-01,2025-06-04,710,47512,2025-06-05,2025-06-11,5,335,0.5074626865671642,0.36121973229057,1.0682562592113147
139,weekly,expanding,lstm,2022-08-01,2025-06-11,715,47847,2025-06-12,2025-06-18,5,335,0.5164179104477612,0.27303830089753844,1.0214634467435908
140,weekly,expanding,lstm,2022-08-01,2025-06-18,720,48182,2025-06-20,2025-06-26,5,335,0.6865671641791045,0.47604293937030967,0.7289453387702561
141,weekly,expanding,lstm,2022-08-01,2025-06-26,725,48517,2025-06-27,2025-07-03,5,335,0.6895522388059702,0.314594489629779,0.8164557785117809
142,weekly,expanding,lstm,2022-08-01,2025-07-03,730,48852,2025-07-07,2025-07-11,5,335,0.7373134328358208,0.2949428839802442,0.7901287263443788
143,weekly,expanding,lstm,2022-08-01,2025-07-11,735,49187,2025-07-14,2025-07-18,5,335,0.6895522388059702,0.30476190476190473,0.7835897046667509
144,weekly,expanding,lstm,2022-08-01,2025-07-18,740,49522,2025-07-21,2025-07-25,5,335,0.8417910447761194,0.33635307781649243,0.588043947993373
145,weekly,expanding,lstm,2022-08-01,2025-07-25,745,49857,2025-07-28,2025-08-01,5,335,0.5611940298507463,0.3937245165836168,0.9840345552289513
146,weekly,expanding,lstm,2022-08-01,2025-08-01,750,50192,2025-08-04,2025-08-08,5,335,0.591044776119403,0.3139177948218555,0.8980392003915798
147,weekly,expanding,lstm,2022-08-01,2025-08-08,755,50527,2025-08-11,2025-08-15,5,335,0.6985074626865672,0.3173019173019173,0.744999976485526
148,weekly,expanding,lstm,2022-08-01,2025-08-15,760,50862,2025-08-18,2025-08-22,5,335,0.5671641791044776,0.33672009478461096,0.9809924917897158
149,weekly,expanding,lstm,2022-08-01,2025-08-22,765,51197,2025-08-25,2025-08-29,5,335,0.7940298507462686,0.29654403567447046,0.5607811591957894
150,weekly,expanding,lstm,2022-08-01,2025-08-29,770,51532,2025-09-02,2025-09-08,5,335,0.5701492537313433,0.31269160608783253,1.0049168986657957
151,weekly,expanding,lstm,2022-08-01,2025-09-08,775,51867,2025-09-09,2025-09-15,5,335,0.8776119402985074,0.31160572337042924,0.47320592500500797
152,weekly,expanding,lstm,2022-08-01,2025-09-15,780,52202,2025-09-16,2025-09-22,5,335,0.7373134328358208,0.34886802559981955,0.6508640305157312
153,weekly,expanding,lstm,2022-08-01,2025-09-22,785,52537,2025-09-23,2025-09-29,5,335,0.5970149253731343,0.369711030908841,0.944022072554254
154,weekly,expanding,lstm,2022-08-01,2025-09-29,790,52872,2025-09-30,2025-10-06,5,335,0.6746268656716418,0.33239970953926407,0.9284566761957739
155,weekly,expanding,lstm,2022-08-01,2025-10-06,795,53207,2025-10-07,2025-10-13,5,335,0.5761194029850746,0.3918518295437434,0.9114883624739611
156,weekly,expanding,lstm,2022-08-01,2025-10-13,800,53542,2025-10-14,2025-10-20,5,335,0.3850746268656716,0.33649458286904843,1.1854416840166913
157,weekly,expanding,lstm,2022-08-01,2025-10-20,805,53877,2025-10-21,2025-10-27,5,335,0.7044776119402985,0.3780187709348987,0.7616269164304521
158,weekly,expanding,lstm,2022-08-01,2025-10-27,810,54212,2025-10-28,2025-11-03,5,335,0.591044776119403,0.4239525419309176,0.9548165801236472
159,weekly,expanding,lstm,2022-08-01,2025-11-03,815,54547,2025-11-04,2025-11-10,5,335,0.3582089552238806,0.2990803900535499,1.279859373042098
160,weekly,expanding,lstm,2022-08-01,2025-11-10,820,54882,2025-11-11,2025-11-17,5,335,0.4626865671641791,0.4256087100868742,1.1380539667996685
161,weekly,expanding,lstm,2022-08-01,2025-11-17,825,55217,2025-11-18,2025-11-24,5,335,0.39104477611940297,0.3840489936990467,1.11193615213033
162,weekly,expanding,lstm,2022-08-01,2025-11-24,830,55552,2025-11-25,2025-12-02,5,335,0.6328358208955224,0.4353965347878314,0.8794639994474986
163,weekly,expanding,lstm,2022-08-01,2025-12-02,835,55887,2025-12-03,2025-12-09,5,335,0.7522388059701492,0.40023852116875375,0.68997323881081
164,weekly,expanding,lstm,2022-08-01,2025-12-09,840,56222,2025-12-10,2025-12-16,5,335,0.4298507462686567,0.28912291412291413,1.068232038885906
165,weekly,expanding,lstm,2022-08-01,2025-12-16,845,56557,2025-12-17,2025-12-23,5,335,0.6776119402985075,0.3860333038820037,0.7669338211109223
166,weekly,expanding,lstm,2022-08-01,2025-12-23,850,56892,2025-12-24,2025-12-31,5,335,0.844776119402985,0.42594259425942593,0.5550538362172248
167,weekly,expanding,lstm,2022-08-01,2025-12-31,855,57227,2026-01-02,2026-01-08,5,335,0.6985074626865672,0.29987600120647473,0.8746634876930943
168,weekly,expanding,lstm,2022-08-01,2026-01-08,860,57562,2026-01-09,2026-01-15,5,335,0.6507462686567164,0.29022973824486115,0.8627364015140183
169,weekly,expanding,lstm,2022-08-01,2026-01-15,865,57897,2026-01-16,2026-01-23,5,335,0.5253731343283582,0.39530391234416956,0.9458116366486726
170,weekly,expanding,lstm,2022-08-01,2026-01-23,870,58232,2026-01-26,2026-01-30,5,335,0.6776119402985075,0.4093783128880812,0.7253263179912347
171,weekly,expanding,lstm,2022-08-01,2026-01-30,875,58567,2026-02-02,2026-02-06,5,335,0.44477611940298506,0.4102278098403495,1.0299663212605896
172,weekly,expanding,lstm,2022-08-01,2026-02-06,880,58902,2026-02-09,2026-02-13,5,335,0.4925373134328358,0.43424320274031253,1.0769249435588295
173,weekly,expanding,lstm,2022-08-01,2026-02-13,885,59237,2026-02-17,2026-02-23,5,335,0.43582089552238806,0.3904316260592626,1.167153590741447
174,weekly,expanding,lstm,2022-08-01,2026-02-23,890,59572,2026-02-24,2026-03-02,5,335,0.5791044776119403,0.4722575627047925,0.9253312256816769
175,weekly,expanding,lstm,2022-08-01,2026-03-02,895,59907,2026-03-03,2026-03-09,5,335,0.4208955223880597,0.41946941946941946,1.1408736286568713
176,weekly,expanding,lstm,2022-08-01,2026-03-09,900,60242,2026-03-10,2026-03-16,5,335,0.37910447761194027,0.35688500142494073,1.2291362017975191
177,weekly,expanding,lstm,2022-08-01,2026-03-16,905,60577,2026-03-17,2026-03-23,5,335,0.33432835820895523,0.3217246195425441,1.3283461597622144
178,weekly,expanding,lstm,2022-08-01,2026-03-23,910,60912,2026-03-24,2026-03-30,5,335,0.39104477611940297,0.38912250020333516,1.277808253558695
179,weekly,expanding,lstm,2022-08-01,2026-03-30,915,61247,2026-03-31,2026-04-07,5,335,0.34328358208955223,0.3185541411283986,1.3194581290477303
180,weekly,expanding,lstm,2022-08-01,2026-04-07,920,61582,2026-04-08,2026-04-14,5,335,0.48955223880597015,0.3253606510022739,1.0769640212105613
181,weekly,expanding,lstm,2022-08-01,2026-04-14,925,61917,2026-04-15,2026-04-21,5,335,0.5791044776119403,0.25445538962977304,1.1488207894627498
182,weekly,expanding,lstm,2022-08-01,2026-04-21,930,62252,2026-04-22,2026-04-28,5,335,0.6626865671641791,0.2740740740740741,0.8166762790257923
183,weekly,expanding,lstm,2022-08-01,2026-04-28,935,62587,2026-04-29,2026-05-05,5,335,0.5492537313432836,0.2667620995228357,1.120107024990178
184,weekly,expanding,lstm,2022-08-01,2026-05-05,940,62922,2026-05-06,2026-05-12,5,335,0.6208955223880597,0.3298880275624462,0.8944083919488518
185,weekly,expanding,lstm,2022-08-01,2026-05-12,945,63257,2026-05-13,2026-05-19,5,335,0.3970149253731343,0.3032416099704574,1.2017237016772981
186,weekly,expanding,lstm,2022-08-01,2026-05-19,950,63592,2026-05-20,2026-05-27,5,335,0.6149253731343284,0.3859240391997471,0.9922928665097921
187,weekly,expanding,lstm,2022-08-01,2026-05-27,955,63927,2026-05-28,2026-06-03,5,335,0.7164179104477612,0.300506744168716,0.7497545677357713
188,weekly,expanding,lstm,2022-08-01,2026-06-03,960,64262,2026-06-04,2026-06-10,5,335,0.36716417910447763,0.3506153928161621,1.2903135685320324
189,weekly,expanding,lstm,2022-08-01,2026-06-10,965,64597,2026-06-11,2026-06-17,5,335,0.4507462686567164,0.3570924474125694,1.1273594675652774
190,weekly,expanding,lstm,2022-08-01,2026-06-17,970,64932,2026-06-18,2026-06-25,5,335,0.4716417910447761,0.4284490479915864,1.0615205366469924
191,weekly,expanding,lstm,2022-08-01,2026-06-25,975,65267,2026-06-26,2026-07-02,5,335,0.5223880597014925,0.382480734546647,0.9775266328478002
192,weekly,expanding,lstm,2022-08-01,2026-07-02,980,65602,2026-07-06,2026-07-10,5,335,0.6447761194029851,0.3451002574935332,0.96166623854582
193,weekly,expanding,lstm,2022-08-01,2026-07-10,985,65937,2026-07-13,2026-07-17,5,335,0.5313432835820896,0.3794111116045655,1.0421260015965863
194,weekly,expanding,lstm,2022-08-01,2026-07-17,990,66272,2026-07-20,2026-07-24,5,335,0.5492537313432836,0.3882320997438889,0.9614481443650564
195,weekly,expanding,lstm,2022-08-01,2026-07-24,995,66607,2026-07-27,2026-07-30,4,268,0.3917910447761194,0.36343083034740614,1.253030999452197
0,monthly,expanding,lstm,2022-08-01,2022-08-26,20,1284,2022-08-29,2022-09-27,21,1407,0.3425728500355366,0.3395402017686404,2.007616790798678
1,monthly,expanding,lstm,2022-08-01,2022-09-27,41,2691,2022-09-28,2022-10-26,21,1407,0.31343283582089554,0.3015706039725255,2.5377474566315423
2,monthly,expanding,lstm,2022-08-01,2022-10-26,62,4098,2022-10-27,2022-11-28,21,1407,0.3354655294953802,0.3184738192563526,1.4532758375667512
3,monthly,expanding,lstm,2022-08-01,2022-11-28,83,5505,2022-11-29,2022-12-28,21,1407,0.3283582089552239,0.3184293171975897,1.8052601712579643
4,monthly,expanding,lstm,2022-08-01,2022-12-28,104,6912,2022-12-29,2023-01-30,21,1407,0.37100213219616207,0.3550483144087994,1.5131477765850976
5,monthly,expanding,lstm,2022-08-01,2023-01-30,125,8319,2023-01-31,2023-03-01,21,1407,0.31769722814498935,0.30038038580914767,1.4181767516173724
6,monthly,expanding,lstm,2022-08-01,2023-03-01,146,9726,2023-03-02,2023-03-30,21,1407,0.40014214641080315,0.3984786664939442,1.4280430374165065
7,monthly,expanding,lstm,2022-08-01,2023-03-30,167,11133,2023-03-31,2023-05-01,21,1407,0.4982231698649609,0.32556439395778214,1.131499691345257
8,monthly,expanding,lstm,2022-08-01,2023-05-01,188,12540,2023-05-02,2023-05-31,21,1407,0.4200426439232409,0.34291864376916387,1.2016593806330598
9,monthly,expanding,lstm,2022-08-01,2023-05-31,209,13947,2023-06-01,2023-06-30,21,1407,0.4129353233830846,0.3454515990190988,1.183935890852478
10,monthly,expanding,lstm,2022-08-01,2023-06-30,230,15354,2023-07-05,2023-08-02,21,1407,0.605543710021322,0.37194415016268606,1.0120954811648695
11,monthly,expanding,lstm,2022-08-01,2023-08-02,251,16761,2023-08-03,2023-08-31,21,1407,0.4150675195451315,0.35099282657059633,1.3765221040663653
12,monthly,expanding,lstm,2022-08-01,2023-08-31,272,18168,2023-09-01,2023-10-02,21,1407,0.47974413646055436,0.36059979745014115,1.34098100631347
13,monthly,expanding,lstm,2022-08-01,2023-10-02,293,19575,2023-10-03,2023-10-31,21,1407,0.3646055437100213,0.3615330977415984,1.361763577826098
14,monthly,expanding,lstm,2022-08-01,2023-10-31,314,20982,2023-11-01,2023-12-01,21,1407,0.5643212508884151,0.3368931953030578,1.0886946324891396
15,monthly,expanding,lstm,2022-08-01,2023-12-01,335,22389,2023-12-04,2024-01-03,21,1407,0.6112295664534471,0.3646771010248922,0.9046475136473082
16,monthly,expanding,lstm,2022-08-01,2024-01-03,356,23796,2024-01-04,2024-02-02,21,1407,0.4982231698649609,0.3295905243605968,1.0789845341504214
17,monthly,expanding,lstm,2022-08-01,2024-02-02,377,25203,2024-02-05,2024-03-05,21,1407,0.5678749111584932,0.323103956339311,1.0407908258859864
18,monthly,expanding,lstm,2022-08-01,2024-03-05,398,26610,2024-03-06,2024-04-04,21,1407,0.5891968727789624,0.3232244508082633,0.9449842612440646
19,monthly,expanding,lstm,2022-08-01,2024-04-04,419,28017,2024-04-05,2024-05-03,21,1407,0.38734896943852165,0.364848356021299,1.2306102653831257
20,monthly,expanding,lstm,2022-08-01,2024-05-03,440,29424,2024-05-06,2024-06-04,21,1407,0.6403695806680881,0.33627601451441597,0.8711262581305982
21,monthly,expanding,lstm,2022-08-01,2024-06-04,461,30831,2024-06-05,2024-07-05,21,1406,0.6081081081081081,0.3818262032582245,1.004832124573113
22,monthly,expanding,lstm,2022-08-01,2024-07-05,482,32237,2024-07-08,2024-08-05,21,1407,0.4228855721393035,0.3785829028109662,1.25265797350711
23,monthly,expanding,lstm,2022-08-01,2024-08-05,503,33644,2024-08-06,2024-09-04,21,1407,0.4193319118692253,0.35368025719368673,1.255157838987467
24,monthly,expanding,lstm,2022-08-01,2024-09-04,524,35051,2024-09-05,2024-10-03,21,1407,0.5138592750533049,0.4366201883068212,1.1086496559198749
25,monthly,expanding,lstm,2022-08-01,2024-10-03,545,36458,2024-10-04,2024-11-01,21,1407,0.5870646766169154,0.35981521603816913,1.0280452603171246
26,monthly,expanding,lstm,2022-08-01,2024-11-01,566,37865,2024-11-04,2024-12-03,21,1406,0.6187766714082503,0.368596537811903,0.9121476390672919
27,monthly,expanding,lstm,2022-08-01,2024-12-03,587,39271,2024-12-04,2025-01-06,21,1407,0.5444207533759773,0.3842714955095554,1.0095629980644243
28,monthly,expanding,lstm,2022-08-01,2025-01-06,608,40678,2025-01-07,2025-02-06,21,1407,0.48542999289267946,0.3804213468301095,1.0502655127572342
29,monthly,expanding,lstm,2022-08-01,2025-02-06,629,42085,2025-02-07,2025-03-10,21,1407,0.44136460554371004,0.4011579201490869,1.2829715114237479
30,monthly,expanding,lstm,2022-08-01,2025-03-10,650,43492,2025-03-11,2025-04-08,21,1407,0.34399431414356785,0.34746489912141715,1.2837483452866203
31,monthly,expanding,lstm,2022-08-01,2025-04-08,671,44899,2025-04-09,2025-05-08,21,1407,0.35536602700781805,0.35405550072216735,1.2714984883651888
32,monthly,expanding,lstm,2022-08-01,2025-05-08,692,46306,2025-05-09,2025-06-09,21,1407,0.4996446339729922,0.38976961172886276,1.0129571089318143
33,monthly,expanding,lstm,2022-08-01,2025-06-09,713,47713,2025-06-10,2025-07-10,21,1407,0.6616915422885572,0.3853110965305258,0.8402897189952188
34,monthly,expanding,lstm,2022-08-01,2025-07-10,734,49120,2025-07-11,2025-08-08,21,1407,0.668088130774698,0.37555247722564006,0.797127929711635
35,monthly,expanding,lstm,2022-08-01,2025-08-08,755,50527,2025-08-11,2025-09-09,21,1407,0.6403695806680881,0.35768233089049356,0.8895263993670671
36,monthly,expanding,lstm,2022-08-01,2025-09-09,776,51934,2025-09-10,2025-10-08,21,1407,0.7270788912579957,0.3821540094104146,0.7294569573384996
37,monthly,expanding,lstm,2022-08-01,2025-10-08,797,53341,2025-10-09,2025-11-06,21,1407,0.5330490405117271,0.4132095574373402,1.0659661189478828
38,monthly,expanding,lstm,2022-08-01,2025-11-06,818,54748,2025-11-07,2025-12-08,21,1407,0.5828002842928216,0.5174283200932743,0.965182246667549
39,monthly,expanding,lstm,2022-08-01,2025-12-08,839,56155,2025-12-09,2026-01-08,21,1407,0.6744847192608386,0.3895591745400994,0.7733648867004678
40,monthly,expanding,lstm,2022-08-01,2026-01-08,860,57562,2026-01-09,2026-02-09,21,1407,0.6169154228855721,0.4701579109290575,0.9153928740607421
41,monthly,expanding,lstm,2022-08-01,2026-02-09,881,58969,2026-02-10,2026-03-11,21,1407,0.4669509594882729,0.4358970802485511,1.0089390785371652
42,monthly,expanding,lstm,2022-08-01,2026-03-11,902,60376,2026-03-12,2026-04-10,21,1407,0.4079601990049751,0.3924376209257652,1.1800659589854332
43,monthly,expanding,lstm,2022-08-01,2026-04-10,923,61783,2026-04-13,2026-05-11,21,1407,0.603411513859275,0.2903312038153018,1.0716206097111312
44,monthly,expanding,lstm,2022-08-01,2026-05-11,944,63190,2026-05-12,2026-06-10,21,1407,0.49324804548685147,0.3628737876444677,1.0770731483922131
45,monthly,expanding,lstm,2022-08-01,2026-06-10,965,64597,2026-06-11,2026-07-13,21,1407,0.4996446339729922,0.3888848732621648,1.0666724568364612
46,monthly,expanding,lstm,2022-08-01,2026-07-13,986,66004,2026-07-14,2026-07-30,13,871,0.44087256027554533,0.3192968518087411,1.2091115759249942
