timestamp_utc,participant_id,group,scenario_id,trial_index,condition,signal_shown,confidence_shown,decision,confidence_rating,response_time_seconds,actual_outcome,actual_decision,model_correct,decision_correct,model_recommended_decision,agrees_with_model
2026-08-09 17:58:31.964510,02,group_2,2022-09-27 11:00:00-04:00,0,explained,up,0.9032,buy,4,71.191,down,sell,False,False,buy,True
2026-08-09 17:58:45.047146,02,group_2,2022-11-14 12:55:00-05:00,1,explained,down,0.4507,sell,3,12.117,up,buy,False,False,sell,True
2026-08-09 17:58:53.160679,02,group_2,2023-04-20 09:50:00-04:00,2,explained,flat,0.4116,hold,3,7.327,up,buy,False,False,hold,True
2026-08-09 17:59:56.908508,02,group_2,2023-12-01 14:55:00-05:00,3,explained,down,0.6042,sell,2,62.459,flat,hold,False,False,sell,True
2026-08-09 18:00:09.894806,02,group_2,2024-04-26 11:30:00-04:00,4,explained,flat,0.4042,buy,3,12.091,up,buy,False,True,hold,False
2026-08-09 18:00:30.581490,02,group_2,2024-09-26 09:40:00-04:00,5,explained,down,0.7008,sell,3,19.877,down,sell,True,True,sell,True
2026-08-09 18:00:40.594507,02,group_2,2025-05-21 14:40:00-04:00,6,explained,up,0.3529,buy,2,9.103,down,sell,False,False,buy,True
2026-08-09 18:00:49.835441,02,group_2,2025-12-12 11:50:00-05:00,7,explained,down,0.4241,sell,4,8.495,up,buy,False,False,sell,True
2026-08-09 18:01:03.401943,02,group_2,2025-12-22 11:45:00-05:00,8,explained,flat,0.8806,hold,4,12.782,flat,hold,True,True,hold,True
2026-08-09 18:01:10.514550,02,group_2,2026-06-24 14:40:00-04:00,9,explained,down,0.6079,sell,3,6.335,down,sell,True,True,sell,True
2026-08-09 18:01:17.008061,02,group_2,2022-09-06 11:45:00-04:00,10,unexplained,up,0.818,buy,3,5.701,down,sell,False,False,buy,True
2026-08-09 18:01:24.306375,02,group_2,2022-11-07 13:25:00-05:00,11,unexplained,up,0.4333,buy,2,6.502,up,buy,True,True,buy,True
2026-08-09 18:01:38.973052,02,group_2,2023-03-20 09:30:00-04:00,12,unexplained,up,0.5718,buy,3,13.918,up,buy,True,True,buy,True
2026-08-09 18:02:04.213739,02,group_2,2023-10-20 14:40:00-04:00,13,unexplained,flat,0.3523,sell,2,20.149,down,sell,False,True,hold,False
2026-08-09 18:02:05.143349,02,group_2,2023-10-20 14:40:00-04:00,13,unexplained,flat,0.3523,sell,2,23.258,down,sell,False,True,hold,False
2026-08-09 18:02:18.023687,02,group_2,2023-12-26 13:45:00-05:00,14,unexplained,flat,0.8882,buy,4,11.849,flat,hold,True,False,hold,False
2026-08-09 18:02:29.379977,02,group_2,2024-07-08 11:20:00-04:00,15,unexplained,flat,0.8107,hold,3,10.327,down,sell,False,False,hold,True
2026-08-09 18:02:40.502190,02,group_2,2025-03-28 12:45:00-04:00,16,unexplained,down,0.4593,sell,4,10.105,down,sell,True,True,sell,True
2026-08-09 18:03:01.060721,02,group_2,2025-07-18 10:35:00-04:00,17,unexplained,flat,0.7856,sell,4,19.546,flat,hold,True,False,hold,False
2026-08-09 18:03:14.505598,02,group_2,2025-12-18 13:05:00-05:00,18,unexplained,up,0.3841,hold,4,12.392,flat,hold,False,True,buy,False
2026-08-09 18:03:24.398084,02,group_2,2026-02-17 13:05:00-05:00,19,unexplained,up,0.3797,buy,2,8.883,up,buy,True,True,buy,True
2026-08-09 19:14:11.198425,05,group_2,2022-09-27 11:00:00-04:00,0,explained,up,0.9032,hold,4,17.633,down,sell,False,False,buy,False
2026-08-09 19:14:20.533774,05,group_2,2022-11-14 12:55:00-05:00,1,explained,down,0.4507,buy,3,8.295,up,buy,False,True,sell,False
2026-08-09 19:14:25.221719,05,group_2,2023-04-20 09:50:00-04:00,2,explained,flat,0.4116,hold,3,3.501,up,buy,False,False,hold,True
2026-08-09 19:14:27.918155,05,group_2,2023-12-01 14:55:00-05:00,3,explained,down,0.6042,sell,3,2.316,flat,hold,False,False,sell,True
2026-08-09 19:14:30.557494,05,group_2,2024-04-26 11:30:00-04:00,4,explained,flat,0.4042,sell,3,2.242,up,buy,False,False,hold,False
2026-08-09 19:14:32.690893,05,group_2,2024-09-26 09:40:00-04:00,5,explained,down,0.7008,buy,3,1.761,down,sell,True,False,sell,False
2026-08-09 19:14:35.043768,05,group_2,2025-05-21 14:40:00-04:00,6,explained,up,0.3529,hold,3,1.953,down,sell,False,False,buy,False
2026-08-09 19:14:37.172439,05,group_2,2025-12-12 11:50:00-05:00,7,explained,down,0.4241,sell,3,1.715,up,buy,False,False,sell,True
2026-08-09 19:14:40.125092,05,group_2,2025-12-22 11:45:00-05:00,8,explained,flat,0.8806,buy,3,2.543,flat,hold,True,False,hold,False
2026-08-09 19:14:44.595895,05,group_2,2026-06-24 14:40:00-04:00,9,explained,down,0.6079,buy,3,4.06,down,sell,True,False,sell,False
2026-08-09 19:14:48.876265,05,group_2,2022-09-06 11:45:00-04:00,10,unexplained,up,0.818,sell,3,3.894,down,sell,False,True,buy,False
2026-08-09 19:14:52.029659,05,group_2,2022-11-07 13:25:00-05:00,11,unexplained,up,0.4333,buy,3,2.726,up,buy,True,True,buy,True
2026-08-09 19:15:01.806603,05,group_2,2023-03-20 09:30:00-04:00,12,unexplained,up,0.5718,buy,3,9.334,up,buy,True,True,buy,True
2026-08-09 19:15:04.989303,05,group_2,2023-10-20 14:40:00-04:00,13,unexplained,flat,0.3523,hold,3,2.707,down,sell,False,False,hold,True
2026-08-09 19:15:11.284062,05,group_2,2023-12-26 13:45:00-05:00,14,unexplained,flat,0.8882,sell,3,5.886,flat,hold,True,False,hold,False
2026-08-09 19:15:17.171741,05,group_2,2024-07-08 11:20:00-04:00,15,unexplained,flat,0.8107,buy,3,5.498,down,sell,False,False,hold,False
2026-08-09 19:15:33.032710,05,group_2,2025-03-28 12:45:00-04:00,16,unexplained,down,0.4593,hold,3,15.456,down,sell,True,False,sell,False
2026-08-09 19:15:36.681497,05,group_2,2025-07-18 10:35:00-04:00,17,unexplained,flat,0.7856,sell,3,3.243,flat,hold,True,False,hold,False
2026-08-09 19:15:56.757491,05,group_2,2025-12-18 13:05:00-05:00,18,unexplained,up,0.3841,buy,3,19.318,flat,hold,False,False,buy,True
2026-08-09 19:16:00.395383,05,group_2,2026-02-17 13:05:00-05:00,19,unexplained,up,0.3797,sell,3,2.616,up,buy,True,False,buy,False
2026-08-09 19:22:31.630191,08,group_2,2022-09-27 11:00:00-04:00,0,explained,up,0.9032,hold,2,43.5,down,sell,False,False,buy,False
2026-08-09 19:23:13.866825,08,group_2,2022-11-14 12:55:00-05:00,1,explained,down,0.4507,sell,2,41.775,up,buy,False,False,sell,True
2026-08-09 19:24:13.990623,08,group_2,2023-04-20 09:50:00-04:00,2,explained,flat,0.4116,buy,2,59.683,up,buy,False,True,hold,False
2026-08-09 19:26:03.410732,08,group_2,2023-12-01 14:55:00-05:00,3,explained,down,0.6042,hold,2,108.879,flat,hold,False,True,sell,False
2026-08-09 20:14:59.859882,18,group_2,2022-09-27 11:00:00-04:00,0,explained,up,0.9032,buy,4,78.99,down,sell,False,False,buy,True
2026-08-09 20:17:13.785648,18,group_2,2022-11-14 12:55:00-05:00,1,explained,down,0.4507,sell,3,133.464,up,buy,False,False,sell,True
2026-08-09 20:17:26.941689,18,group_2,2023-04-20 09:50:00-04:00,2,explained,flat,0.4116,hold,3,12.749,up,buy,False,False,hold,True
2026-08-09 20:17:39.226135,18,group_2,2023-12-01 14:55:00-05:00,3,explained,down,0.6042,sell,3,11.872,flat,hold,False,False,sell,True
2026-08-09 20:17:47.891838,18,group_2,2024-04-26 11:30:00-04:00,4,explained,flat,0.4042,hold,3,8.245,up,buy,False,False,hold,True
2026-08-09 20:18:08.776042,18,group_2,2024-09-26 09:40:00-04:00,5,explained,down,0.7008,sell,3,20.474,down,sell,True,True,sell,True
2026-08-09 20:18:18.285395,18,group_2,2025-05-21 14:40:00-04:00,6,explained,up,0.3529,sell,3,9.124,down,sell,False,True,buy,False
2026-08-09 20:18:30.726875,18,group_2,2025-12-12 11:50:00-05:00,7,explained,down,0.4241,sell,3,12.006,up,buy,False,False,sell,True
2026-08-09 20:18:38.486629,18,group_2,2025-12-22 11:45:00-05:00,8,explained,flat,0.8806,hold,3,7.321,flat,hold,True,True,hold,True
2026-08-09 20:18:47.274593,18,group_2,2026-06-24 14:40:00-04:00,9,explained,down,0.6079,sell,3,8.355,down,sell,True,True,sell,True
2026-08-09 20:18:52.500990,18,group_2,2022-09-06 11:45:00-04:00,10,unexplained,up,0.818,buy,3,4.815,down,sell,False,False,buy,True
2026-08-09 20:19:00.881432,18,group_2,2022-11-07 13:25:00-05:00,11,unexplained,up,0.4333,sell,3,7.831,up,buy,True,False,buy,False
2026-08-09 20:19:07.567626,18,group_2,2023-03-20 09:30:00-04:00,12,unexplained,up,0.5718,buy,3,6.312,up,buy,True,True,buy,True
2026-08-09 20:19:17.779717,18,group_2,2023-10-20 14:40:00-04:00,13,unexplained,flat,0.3523,hold,3,9.814,down,sell,False,False,hold,True
2026-08-09 20:19:28.654379,18,group_2,2023-12-26 13:45:00-05:00,14,unexplained,flat,0.8882,hold,2,10.393,flat,hold,True,True,hold,True
2026-08-09 20:19:39.339198,18,group_2,2024-07-08 11:20:00-04:00,15,unexplained,flat,0.8107,hold,3,10.284,down,sell,False,False,hold,True
2026-08-09 20:19:54.894057,18,group_2,2025-03-28 12:45:00-04:00,16,unexplained,down,0.4593,hold,3,15.137,down,sell,True,False,sell,False
2026-08-09 20:19:59.417337,18,group_2,2025-07-18 10:35:00-04:00,17,unexplained,flat,0.7856,hold,3,4.125,flat,hold,True,True,hold,True
2026-08-09 20:20:04.339406,18,group_2,2025-12-18 13:05:00-05:00,18,unexplained,up,0.3841,sell,3,4.503,flat,hold,False,False,buy,False
2026-08-09 20:20:11.613079,18,group_2,2026-02-17 13:05:00-05:00,19,unexplained,up,0.3797,sell,3,6.852,up,buy,True,False,buy,False
2026-08-10 07:12:54.268908,170,group_2,2022-09-27 11:00:00-04:00,0,explained,up,0.9032,hold,2,127.893,down,sell,False,False,buy,False
2026-08-10 07:12:57.575084,35,group_2,2022-09-27 11:00:00-04:00,0,explained,up,0.9032,hold,4,95.537,down,sell,False,False,buy,False
2026-08-10 07:13:16.119267,170,group_2,2022-11-14 12:55:00-05:00,1,explained,down,0.4507,buy,4,21.125,up,buy,False,True,sell,False
2026-08-10 07:13:23.876606,170,group_2,2023-04-20 09:50:00-04:00,2,explained,flat,0.4116,hold,3,6.374,up,buy,False,False,hold,True
2026-08-10 07:13:24.407429,170,group_2,2023-04-20 09:50:00-04:00,2,explained,flat,0.4116,hold,3,6.785,up,buy,False,False,hold,True
2026-08-10 07:13:32.053761,170,group_2,2023-12-01 14:55:00-05:00,3,explained,down,0.6042,buy,3,6.937,flat,hold,False,False,sell,False
2026-08-10 07:14:39.822745,35,group_2,2022-11-14 12:55:00-05:00,1,explained,down,0.4507,sell,3,101.865,up,buy,False,False,sell,True
2026-08-10 07:14:45.730102,35,group_2,2023-04-20 09:50:00-04:00,2,explained,flat,0.4116,hold,3,5.43,up,buy,False,False,hold,True
2026-08-10 07:14:49.818870,35,group_2,2023-12-01 14:55:00-05:00,3,explained,down,0.6042,buy,2,3.639,flat,hold,False,False,sell,False
2026-08-10 07:14:55.041841,35,group_2,2024-04-26 11:30:00-04:00,4,explained,flat,0.4042,hold,1,4.822,up,buy,False,False,hold,True
2026-08-10 07:15:02.135891,35,group_2,2024-04-26 11:30:00-04:00,4,explained,flat,0.4042,hold,1,10.527,up,buy,False,False,hold,True
2026-08-10 07:15:02.094183,35,group_2,2024-04-26 11:30:00-04:00,4,explained,flat,0.4042,hold,1,6.896,up,buy,False,False,hold,True
2026-08-10 07:15:03.462773,35,group_2,2024-04-26 11:30:00-04:00,4,explained,flat,0.4042,hold,5,13.16,up,buy,False,False,hold,True
2026-08-10 07:15:08.022149,35,group_2,2024-09-26 09:40:00-04:00,5,explained,down,0.7008,sell,5,4.083,down,sell,True,True,sell,True
2026-08-10 07:15:12.077235,35,group_2,2025-05-21 14:40:00-04:00,6,explained,up,0.3529,buy,4,3.495,down,sell,False,False,buy,True
2026-08-10 07:15:14.146183,35,group_2,2025-12-12 11:50:00-05:00,7,explained,down,0.4241,buy,3,1.752,up,buy,False,True,sell,False
2026-08-10 07:15:18.896220,35,group_2,2025-12-22 11:45:00-05:00,8,explained,flat,0.8806,sell,2,4.12,flat,hold,True,False,hold,False
2026-08-10 07:15:22.229589,35,group_2,2026-06-24 14:40:00-04:00,9,explained,down,0.6079,hold,4,2.326,down,sell,True,False,sell,False
2026-08-10 07:15:26.015977,35,group_2,2022-09-06 11:45:00-04:00,10,unexplained,up,0.818,hold,4,3.167,down,sell,False,False,buy,False
2026-08-10 07:15:31.609658,35,group_2,2022-11-07 13:25:00-05:00,11,unexplained,up,0.4333,sell,2,5.199,up,buy,True,False,buy,False
2026-08-10 07:15:34.642952,35,group_2,2023-03-20 09:30:00-04:00,12,unexplained,up,0.5718,hold,3,2.618,up,buy,True,False,buy,False
2026-08-10 07:15:37.976833,35,group_2,2023-10-20 14:40:00-04:00,13,unexplained,flat,0.3523,sell,2,2.985,down,sell,False,True,hold,False
2026-08-10 07:15:42.329399,35,group_2,2023-12-26 13:45:00-05:00,14,unexplained,flat,0.8882,buy,4,3.999,flat,hold,True,False,hold,False
2026-08-10 07:15:47.936536,35,group_2,2024-07-08 11:20:00-04:00,15,unexplained,flat,0.8107,buy,4,5.054,down,sell,False,False,hold,False
2026-08-10 07:15:51.618067,35,group_2,2025-03-28 12:45:00-04:00,16,unexplained,down,0.4593,hold,3,2.607,down,sell,True,False,sell,False
2026-08-10 07:15:57.051135,35,group_2,2025-07-18 10:35:00-04:00,17,unexplained,flat,0.7856,buy,4,4.076,flat,hold,True,False,hold,False
2026-08-10 07:16:01.117384,35,group_2,2025-12-18 13:05:00-05:00,18,unexplained,up,0.3841,sell,1,2.873,flat,hold,False,False,buy,False
2026-08-10 07:16:07.905339,35,group_2,2026-02-17 13:05:00-05:00,19,unexplained,up,0.3797,sell,1,5.686,up,buy,True,False,buy,False
2026-08-10 07:17:27.612039,24,group_2,2022-09-27 11:00:00-04:00,0,explained,up,0.9032,buy,2,51.407,down,sell,False,False,buy,True
2026-08-10 07:17:34.457424,24,group_2,2022-11-14 12:55:00-05:00,1,explained,down,0.4507,buy,2,6.426,up,buy,False,True,sell,False
2026-08-10 07:17:39.081828,24,group_2,2023-04-20 09:50:00-04:00,2,explained,flat,0.4116,buy,2,4.096,up,buy,False,True,hold,False
2026-08-10 07:17:44.006271,24,group_2,2023-12-01 14:55:00-05:00,3,explained,down,0.6042,sell,2,3.978,flat,hold,False,False,sell,True
2026-08-10 07:18:17.050172,24,group_2,2024-04-26 11:30:00-04:00,4,explained,flat,0.4042,hold,2,31.898,up,buy,False,False,hold,True
2026-08-10 07:18:23.514209,24,group_2,2024-09-26 09:40:00-04:00,5,explained,down,0.7008,buy,2,5.448,down,sell,True,False,sell,False
2026-08-10 07:18:29.045838,24,group_2,2025-05-21 14:40:00-04:00,6,explained,up,0.3529,hold,2,4.506,down,sell,False,False,buy,False
2026-08-10 07:18:36.381951,24,group_2,2025-12-12 11:50:00-05:00,7,explained,down,0.4241,buy,1,6.557,up,buy,False,True,sell,False
2026-08-10 07:18:53.022641,24,group_2,2025-12-22 11:45:00-05:00,8,explained,flat,0.8806,buy,2,15.973,flat,hold,True,False,hold,False
2026-08-10 07:18:58.731799,24,group_2,2026-06-24 14:40:00-04:00,9,explained,down,0.6079,buy,2,4.796,down,sell,True,False,sell,False
2026-08-10 07:19:38.130934,24,group_2,2022-09-06 11:45:00-04:00,10,unexplained,up,0.818,hold,1,38.748,down,sell,False,False,buy,False
2026-08-10 07:19:47.883042,24,group_2,2022-11-07 13:25:00-05:00,11,unexplained,up,0.4333,sell,2,9.185,up,buy,True,False,buy,False
2026-08-10 07:20:10.138388,24,group_2,2023-03-20 09:30:00-04:00,12,unexplained,up,0.5718,hold,1,21.679,up,buy,True,False,buy,False
2026-08-10 07:20:16.988203,24,group_2,2023-10-20 14:40:00-04:00,13,unexplained,flat,0.3523,hold,1,6.54,down,sell,False,False,hold,True
2026-08-10 07:20:22.853780,24,group_2,2023-12-26 13:45:00-05:00,14,unexplained,flat,0.8882,buy,1,5.482,flat,hold,True,False,hold,False
2026-08-10 07:20:34.311837,24,group_2,2024-07-08 11:20:00-04:00,15,unexplained,flat,0.8107,sell,1,11.125,down,sell,False,True,hold,False
2026-08-10 07:20:41.335548,24,group_2,2025-03-28 12:45:00-04:00,16,unexplained,down,0.4593,sell,1,6.566,down,sell,True,True,sell,True
2026-08-10 07:20:54.493148,24,group_2,2025-07-18 10:35:00-04:00,17,unexplained,flat,0.7856,sell,1,12.607,flat,hold,True,False,hold,False
2026-08-10 07:21:05.841121,24,group_2,2025-12-18 13:05:00-05:00,18,unexplained,up,0.3841,hold,1,11.008,flat,hold,False,True,buy,False
2026-08-10 07:21:12.776732,24,group_2,2026-02-17 13:05:00-05:00,19,unexplained,up,0.3797,hold,1,6.656,up,buy,True,False,buy,False
2026-08-10 11:53:55.028388,49,group_1,2022-09-06 11:45:00-04:00,0,explained,up,0.818,sell,2,31.69,down,sell,False,True,buy,False
2026-08-10 11:54:04.280325,49,group_1,2022-11-07 13:25:00-05:00,1,explained,up,0.4333,hold,4,8.963,up,buy,True,False,buy,False
2026-08-10 11:54:11.758017,49,group_1,2023-03-20 09:30:00-04:00,2,explained,up,0.5718,buy,3,7.201,up,buy,True,True,buy,True
2026-08-10 11:54:33.752885,49,group_1,2023-10-20 14:40:00-04:00,3,explained,flat,0.3523,hold,3,21.647,down,sell,False,False,hold,True
2026-08-10 11:54:51.272239,49,group_1,2023-12-26 13:45:00-05:00,4,explained,flat,0.8882,sell,2,17.229,flat,hold,True,False,hold,False
2026-08-10 11:55:00.397975,49,group_1,2024-07-08 11:20:00-04:00,5,explained,flat,0.8107,buy,3,8.683,down,sell,False,False,hold,False
2026-08-10 11:55:00.839631,49,group_1,2024-07-08 11:20:00-04:00,5,explained,flat,0.8107,buy,3,9.28,down,sell,False,False,hold,False
2026-08-10 11:55:10.129571,49,group_1,2025-03-28 12:45:00-04:00,6,explained,down,0.4593,buy,2,9.006,down,sell,True,False,sell,False
2026-08-10 11:55:15.883743,49,group_1,2025-07-18 10:35:00-04:00,7,explained,flat,0.7856,hold,3,5.499,flat,hold,True,True,hold,True
2026-08-10 11:55:33.188802,49,group_1,2025-12-18 13:05:00-05:00,8,explained,up,0.3841,hold,4,17.009,flat,hold,False,True,buy,False
2026-08-10 11:55:34.721887,48,group_2,2022-09-27 11:00:00-04:00,0,explained,up,0.9032,hold,2,56.071,down,sell,False,False,buy,False
2026-08-10 11:55:40.326304,49,group_1,2026-02-17 13:05:00-05:00,9,explained,up,0.3797,sell,3,6.873,up,buy,True,False,buy,False
2026-08-10 11:55:46.793963,49,group_1,2022-09-27 11:00:00-04:00,10,unexplained,up,0.9032,buy,3,6.139,down,sell,False,False,buy,True
2026-08-10 11:55:54.558688,48,group_2,2022-11-14 12:55:00-05:00,1,explained,down,0.4507,buy,3,19.565,up,buy,False,True,sell,False
2026-08-10 11:56:06.470065,48,group_2,2023-04-20 09:50:00-04:00,2,explained,flat,0.4116,hold,3,11.61,up,buy,False,False,hold,True
2026-08-10 11:56:08.537569,49,group_1,2022-11-14 12:55:00-05:00,11,unexplained,down,0.4507,buy,3,21.5,up,buy,False,True,sell,False
2026-08-10 11:56:16.227143,49,group_1,2023-04-20 09:50:00-04:00,12,unexplained,flat,0.4116,hold,3,7.406,up,buy,False,False,hold,True
2026-08-10 11:56:23.055733,49,group_1,2023-12-01 14:55:00-05:00,13,unexplained,down,0.6042,sell,3,6.559,flat,hold,False,False,sell,True
2026-08-10 11:56:26.665937,49,group_1,2024-04-26 11:30:00-04:00,14,unexplained,flat,0.4042,sell,3,3.326,up,buy,False,False,hold,False
2026-08-10 11:56:27.905876,48,group_2,2023-12-01 14:55:00-05:00,3,explained,down,0.6042,buy,3,21.13,flat,hold,False,False,sell,False
2026-08-10 11:56:31.011896,49,group_1,2024-09-26 09:40:00-04:00,15,unexplained,down,0.7008,buy,3,4.092,down,sell,True,False,sell,False
2026-08-10 11:56:33.818942,49,group_1,2025-05-21 14:40:00-04:00,16,unexplained,up,0.3529,hold,3,2.535,down,sell,False,False,buy,False
2026-08-10 11:56:35.440115,48,group_2,2024-04-26 11:30:00-04:00,4,explained,flat,0.4042,hold,5,7.227,up,buy,False,False,hold,True
2026-08-10 11:56:36.068310,49,group_1,2025-12-12 11:50:00-05:00,17,unexplained,down,0.4241,hold,3,1.952,up,buy,False,False,sell,False
2026-08-10 11:56:36.495198,49,group_1,2025-12-12 11:50:00-05:00,17,unexplained,down,0.4241,hold,3,2.403,up,buy,False,False,sell,False
2026-08-10 11:56:42.485727,49,group_1,2025-12-22 11:45:00-05:00,18,unexplained,flat,0.8806,hold,4,5.718,flat,hold,True,True,hold,True
2026-08-10 11:56:45.713636,48,group_2,2024-09-26 09:40:00-04:00,5,explained,down,0.7008,buy,4,9.986,down,sell,True,False,sell,False
2026-08-10 11:56:48.442746,49,group_1,2026-06-24 14:40:00-04:00,19,unexplained,down,0.6079,sell,2,5.696,down,sell,True,True,sell,True
2026-08-10 11:56:52.879428,48,group_2,2025-05-21 14:40:00-04:00,6,explained,up,0.3529,sell,4,6.87,down,sell,False,True,buy,False
2026-08-10 11:57:03.439159,48,group_2,2025-12-12 11:50:00-05:00,7,explained,down,0.4241,buy,5,10.234,up,buy,False,True,sell,False
2026-08-10 11:57:08.939272,48,group_2,2025-12-22 11:45:00-05:00,8,explained,flat,0.8806,hold,4,5.224,flat,hold,True,True,hold,True
2026-08-10 11:57:23.357512,48,group_2,2026-06-24 14:40:00-04:00,9,explained,down,0.6079,hold,2,14.151,down,sell,True,False,sell,False
2026-08-10 11:57:33.219927,48,group_2,2022-09-06 11:45:00-04:00,10,unexplained,up,0.818,sell,3,9.503,down,sell,False,True,buy,False
2026-08-10 11:57:46.254911,48,group_2,2022-11-07 13:25:00-05:00,11,unexplained,up,0.4333,hold,1,12.735,up,buy,True,False,buy,False
2026-08-10 11:58:00.683792,48,group_2,2023-03-20 09:30:00-04:00,12,unexplained,up,0.5718,sell,1,14.146,up,buy,True,False,buy,False
2026-08-10 11:58:07.774768,48,group_2,2023-10-20 14:40:00-04:00,13,unexplained,flat,0.3523,hold,5,6.826,down,sell,False,False,hold,True
2026-08-10 11:58:17.562680,48,group_2,2023-12-26 13:45:00-05:00,14,unexplained,flat,0.8882,sell,2,9.51,flat,hold,True,False,hold,False
2026-08-10 11:58:29.170603,48,group_2,2024-07-08 11:20:00-04:00,15,unexplained,flat,0.8107,hold,3,11.297,down,sell,False,False,hold,True
2026-08-10 11:58:37.788800,48,group_2,2025-03-28 12:45:00-04:00,16,unexplained,down,0.4593,buy,4,8.357,down,sell,True,False,sell,False
2026-08-10 11:59:30.880106,48,group_2,2025-07-18 10:35:00-04:00,17,unexplained,flat,0.7856,hold,2,52.798,flat,hold,True,True,hold,True
2026-08-10 11:59:39.555340,48,group_2,2025-12-18 13:05:00-05:00,18,unexplained,up,0.3841,sell,2,8.374,flat,hold,False,False,buy,False
2026-08-10 11:59:45.623441,48,group_2,2026-02-17 13:05:00-05:00,19,unexplained,up,0.3797,sell,2,5.776,up,buy,True,False,buy,False
2026-08-10 12:51:40.301417,38,group_2,2022-09-27 11:00:00-04:00,0,explained,up,0.9032,hold,3,38.151,down,sell,False,False,buy,False
2026-08-10 16:33:41.333763,21,group_1,2022-09-06 11:45:00-04:00,0,explained,up,0.818,buy,3,84.695,down,sell,False,False,buy,True
2026-08-10 16:34:02.073610,21,group_1,2022-11-07 13:25:00-05:00,1,explained,up,0.4333,hold,3,20.395,up,buy,True,False,buy,False
2026-08-10 16:34:20.401971,21,group_1,2023-03-20 09:30:00-04:00,2,explained,up,0.5718,buy,3,18.004,up,buy,True,True,buy,True
2026-08-10 16:34:33.719826,21,group_1,2023-10-20 14:40:00-04:00,3,explained,flat,0.3523,sell,3,12.975,down,sell,False,True,hold,False
2026-08-10 16:34:53.131569,21,group_1,2023-12-26 13:45:00-05:00,4,explained,flat,0.8882,buy,3,19.09,flat,hold,True,False,hold,False
2026-08-10 16:35:01.387121,21,group_1,2024-07-08 11:20:00-04:00,5,explained,flat,0.8107,hold,3,7.981,down,sell,False,False,hold,True
2026-08-10 16:35:14.495122,21,group_1,2025-03-28 12:45:00-04:00,6,explained,down,0.4593,buy,3,12.796,down,sell,True,False,sell,False
2026-08-10 16:35:25.061571,21,group_1,2025-07-18 10:35:00-04:00,7,explained,flat,0.7856,buy,3,10.276,flat,hold,True,False,hold,False
2026-08-10 16:35:29.664577,21,group_1,2025-12-18 13:05:00-05:00,8,explained,up,0.3841,buy,3,4.318,flat,hold,False,False,buy,True
2026-08-10 16:35:35.613203,21,group_1,2026-02-17 13:05:00-05:00,9,explained,up,0.3797,buy,3,5.63,up,buy,True,True,buy,True
2026-08-10 16:35:48.726078,21,group_1,2022-09-27 11:00:00-04:00,10,unexplained,up,0.9032,buy,3,12.826,down,sell,False,False,buy,True
2026-08-10 16:35:55.740542,21,group_1,2022-11-14 12:55:00-05:00,11,unexplained,down,0.4507,sell,3,6.727,up,buy,False,False,sell,True
2026-08-10 16:36:02.867658,21,group_1,2023-04-20 09:50:00-04:00,12,unexplained,flat,0.4116,hold,3,6.788,up,buy,False,False,hold,True
2026-08-10 16:36:10.480961,21,group_1,2023-12-01 14:55:00-05:00,13,unexplained,down,0.6042,hold,3,7.342,flat,hold,False,True,sell,False
2026-08-10 16:36:24.675870,21,group_1,2024-04-26 11:30:00-04:00,14,unexplained,flat,0.4042,sell,3,13.898,up,buy,False,False,hold,False
2026-08-10 16:36:30.200016,21,group_1,2024-09-26 09:40:00-04:00,15,unexplained,down,0.7008,buy,3,5.253,down,sell,True,False,sell,False
2026-08-10 16:36:35.900336,21,group_1,2025-05-21 14:40:00-04:00,16,unexplained,up,0.3529,buy,3,5.363,down,sell,False,False,buy,True
2026-08-10 16:36:41.775966,21,group_1,2025-12-12 11:50:00-05:00,17,unexplained,down,0.4241,hold,3,5.508,up,buy,False,False,sell,False
2026-08-10 16:36:48.311525,21,group_1,2025-12-22 11:45:00-05:00,18,unexplained,flat,0.8806,hold,3,6.219,flat,hold,True,True,hold,True
2026-08-10 16:36:53.913818,21,group_1,2026-06-24 14:40:00-04:00,19,unexplained,down,0.6079,sell,3,5.332,down,sell,True,True,sell,True
2026-08-11 10:00:48.493429,56,group_2,2022-09-27 11:00:00-04:00,0,explained,up,0.9032,buy,2,78.983,down,sell,False,False,buy,True
2026-08-11 10:01:48.971838,56,group_2,2022-11-14 12:55:00-05:00,1,explained,down,0.4507,sell,3,59.509,up,buy,False,False,sell,True
2026-08-11 10:02:07.192636,56,group_2,2023-04-20 09:50:00-04:00,2,explained,flat,0.4116,hold,3,17.713,up,buy,False,False,hold,True
2026-08-11 10:02:29.373225,56,group_2,2023-12-01 14:55:00-05:00,3,explained,down,0.6042,buy,4,21.307,flat,hold,False,False,sell,False
2026-08-11 10:02:43.429674,56,group_2,2024-04-26 11:30:00-04:00,4,explained,flat,0.4042,hold,3,13.605,up,buy,False,False,hold,True
2026-08-11 10:03:34.859607,56,group_2,2024-09-26 09:40:00-04:00,5,explained,down,0.7008,sell,3,50.977,down,sell,True,True,sell,True
2026-08-11 10:03:47.049983,56,group_2,2025-05-21 14:40:00-04:00,6,explained,up,0.3529,hold,3,11.098,down,sell,False,False,buy,False
2026-08-11 10:04:07.559360,56,group_2,2025-12-12 11:50:00-05:00,7,explained,down,0.4241,sell,2,20.092,up,buy,False,False,sell,True
2026-08-11 10:04:19.937439,56,group_2,2025-12-22 11:45:00-05:00,8,explained,flat,0.8806,hold,5,11.917,flat,hold,True,True,hold,True
2026-08-11 10:04:51.549600,56,group_2,2026-06-24 14:40:00-04:00,9,explained,down,0.6079,sell,3,31.126,down,sell,True,True,sell,True
2026-08-11 10:05:12.450820,56,group_2,2022-09-06 11:45:00-04:00,10,unexplained,up,0.818,buy,4,20.445,down,sell,False,False,buy,True
2026-08-11 10:05:20.816019,56,group_2,2022-11-07 13:25:00-05:00,11,unexplained,up,0.4333,buy,2,6.768,up,buy,True,True,buy,True
2026-08-11 10:05:26.980334,56,group_2,2023-03-20 09:30:00-04:00,12,unexplained,up,0.5718,buy,3,5.759,up,buy,True,True,buy,True
2026-08-11 10:05:38.244682,56,group_2,2023-10-20 14:40:00-04:00,13,unexplained,flat,0.3523,hold,2,10.781,down,sell,False,False,hold,True
2026-08-11 10:05:45.272558,56,group_2,2023-12-26 13:45:00-05:00,14,unexplained,flat,0.8882,hold,5,6.337,flat,hold,True,True,hold,True
2026-08-11 10:05:56.013727,56,group_2,2024-07-08 11:20:00-04:00,15,unexplained,flat,0.8107,hold,5,10.253,down,sell,False,False,hold,True
2026-08-11 10:06:02.306025,56,group_2,2025-03-28 12:45:00-04:00,16,unexplained,down,0.4593,sell,2,5.849,down,sell,True,True,sell,True
2026-08-11 10:06:15.326549,56,group_2,2025-07-18 10:35:00-04:00,17,unexplained,flat,0.7856,hold,3,12.484,flat,hold,True,True,hold,True
2026-08-11 10:06:26.417327,56,group_2,2025-12-18 13:05:00-05:00,18,unexplained,up,0.3841,hold,2,10.421,flat,hold,False,True,buy,False
2026-08-11 10:06:34.112613,56,group_2,2026-02-17 13:05:00-05:00,19,unexplained,up,0.3797,hold,2,7.268,up,buy,True,False,buy,False
2026-08-11 11:24:32.646041,61,group_2,2022-09-27 11:00:00-04:00,0,explained,up,0.9032,hold,3,35.956,down,sell,False,False,buy,False
2026-08-11 11:24:47.609350,61,group_2,2022-11-14 12:55:00-05:00,1,explained,down,0.4507,sell,3,14.241,up,buy,False,False,sell,True
2026-08-11 11:25:00.001482,61,group_2,2023-04-20 09:50:00-04:00,2,explained,flat,0.4116,hold,3,11.714,up,buy,False,False,hold,True
2026-08-11 11:25:19.913773,61,group_2,2023-12-01 14:55:00-05:00,3,explained,down,0.6042,buy,4,19.173,flat,hold,False,False,sell,False
2026-08-11 11:25:33.318579,61,group_2,2024-04-26 11:30:00-04:00,4,explained,flat,0.4042,buy,5,12.98,up,buy,False,True,hold,False
2026-08-11 11:25:47.744351,61,group_2,2024-09-26 09:40:00-04:00,5,explained,down,0.7008,sell,2,14.026,down,sell,True,True,sell,True
2026-08-11 11:25:54.330588,61,group_2,2025-05-21 14:40:00-04:00,6,explained,up,0.3529,sell,1,6.185,down,sell,False,True,buy,False
2026-08-11 11:26:03.338697,61,group_2,2025-12-12 11:50:00-05:00,7,explained,down,0.4241,buy,4,8.532,up,buy,False,True,sell,False
2026-08-11 11:26:11.749038,61,group_2,2025-12-22 11:45:00-05:00,8,explained,flat,0.8806,hold,3,7.945,flat,hold,True,True,hold,True
2026-08-11 11:26:17.460388,61,group_2,2026-06-24 14:40:00-04:00,9,explained,down,0.6079,sell,4,5.248,down,sell,True,True,sell,True
2026-08-11 11:26:27.048882,61,group_2,2022-09-06 11:45:00-04:00,10,unexplained,up,0.818,buy,4,9.169,down,sell,False,False,buy,True
2026-08-11 11:26:32.828927,61,group_2,2022-11-07 13:25:00-05:00,11,unexplained,up,0.4333,buy,4,5.337,up,buy,True,True,buy,True
2026-08-11 11:26:41.455576,61,group_2,2023-03-20 09:30:00-04:00,12,unexplained,up,0.5718,sell,2,8.18,up,buy,True,False,buy,False
2026-08-11 11:26:46.710539,61,group_2,2023-10-20 14:40:00-04:00,13,unexplained,flat,0.3523,sell,4,4.825,down,sell,False,True,hold,False
2026-08-11 11:26:54.150451,61,group_2,2023-12-26 13:45:00-05:00,14,unexplained,flat,0.8882,buy,5,7.021,flat,hold,True,False,hold,False
2026-08-11 11:27:00.168541,61,group_2,2024-07-08 11:20:00-04:00,15,unexplained,flat,0.8107,hold,4,5.605,down,sell,False,False,hold,True
2026-08-11 11:27:05.666659,61,group_2,2025-03-28 12:45:00-04:00,16,unexplained,down,0.4593,sell,2,5.003,down,sell,True,True,sell,True
2026-08-11 11:27:12.983039,61,group_2,2025-07-18 10:35:00-04:00,17,unexplained,flat,0.7856,sell,4,6.893,flat,hold,True,False,hold,False
2026-08-11 11:27:21.883538,61,group_2,2025-12-18 13:05:00-05:00,18,unexplained,up,0.3841,hold,4,8.497,flat,hold,False,True,buy,False
2026-08-11 11:27:27.790743,61,group_2,2026-02-17 13:05:00-05:00,19,unexplained,up,0.3797,hold,2,5.476,up,buy,True,False,buy,False
2026-08-11 11:27:42.801629,64,group_1,2022-09-06 11:45:00-04:00,0,explained,up,0.818,buy,3,24.075,down,sell,False,False,buy,True
2026-08-11 11:28:07.407152,64,group_1,2022-11-07 13:25:00-05:00,1,explained,up,0.4333,buy,3,24.196,up,buy,True,True,buy,True
2026-08-11 11:28:37.741006,64,group_1,2023-03-20 09:30:00-04:00,2,explained,up,0.5718,buy,4,29.877,up,buy,True,True,buy,True
2026-08-11 11:28:53.397585,64,group_1,2023-10-20 14:40:00-04:00,3,explained,flat,0.3523,buy,4,15.251,down,sell,False,False,hold,False
2026-08-11 11:29:06.531507,64,group_1,2023-12-26 13:45:00-05:00,4,explained,flat,0.8882,buy,4,12.634,flat,hold,True,False,hold,False
2026-08-11 11:29:23.937959,64,group_1,2024-07-08 11:20:00-04:00,5,explained,flat,0.8107,buy,3,16.938,down,sell,False,False,hold,False
2026-08-11 11:29:35.538761,64,group_1,2025-03-28 12:45:00-04:00,6,explained,down,0.4593,sell,3,11.205,down,sell,True,True,sell,True
2026-08-11 11:29:46.553652,64,group_1,2025-07-18 10:35:00-04:00,7,explained,flat,0.7856,buy,4,10.593,flat,hold,True,False,hold,False
2026-08-11 11:30:00.597411,64,group_1,2025-12-18 13:05:00-05:00,8,explained,up,0.3841,buy,4,13.65,flat,hold,False,False,buy,True
2026-08-11 11:30:07.567745,64,group_1,2026-02-17 13:05:00-05:00,9,explained,up,0.3797,buy,5,6.526,up,buy,True,True,buy,True
2026-08-11 11:30:22.930262,64,group_1,2022-09-27 11:00:00-04:00,10,unexplained,up,0.9032,sell,5,14.947,down,sell,False,True,buy,False
2026-08-11 11:30:27.431798,64,group_1,2022-11-14 12:55:00-05:00,11,unexplained,down,0.4507,buy,4,4.074,up,buy,False,True,sell,False
2026-08-11 11:30:33.951755,64,group_1,2023-04-20 09:50:00-04:00,12,unexplained,flat,0.4116,buy,4,6.099,up,buy,False,True,hold,False
2026-08-11 11:30:43.328343,64,group_1,2023-12-01 14:55:00-05:00,13,unexplained,down,0.6042,sell,4,8.919,flat,hold,False,False,sell,True
2026-08-11 11:31:26.280263,64,group_1,2024-04-26 11:30:00-04:00,14,unexplained,flat,0.4042,hold,5,42.456,up,buy,False,False,hold,True
2026-08-11 11:31:30.508911,64,group_1,2024-09-26 09:40:00-04:00,15,unexplained,down,0.7008,buy,3,3.79,down,sell,True,False,sell,False
2026-08-11 11:31:37.696588,64,group_1,2025-05-21 14:40:00-04:00,16,unexplained,up,0.3529,buy,3,6.808,down,sell,False,False,buy,True
2026-08-11 12:18:10.496454,60,group_1,2022-09-06 11:45:00-04:00,0,explained,up,0.818,hold,3,22.216,down,sell,False,False,buy,False
2026-08-11 12:18:22.485470,60,group_1,2022-11-07 13:25:00-05:00,1,explained,up,0.4333,hold,3,11.703,up,buy,True,False,buy,False
2026-08-11 12:18:35.968902,60,group_1,2023-03-20 09:30:00-04:00,2,explained,up,0.5718,buy,2,13.168,up,buy,True,True,buy,True
2026-08-11 12:18:51.629675,60,group_1,2023-10-20 14:40:00-04:00,3,explained,flat,0.3523,sell,4,15.353,down,sell,False,True,hold,False
2026-08-11 12:19:02.624557,60,group_1,2023-12-26 13:45:00-05:00,4,explained,flat,0.8882,hold,4,10.644,flat,hold,True,True,hold,True
2026-08-11 12:19:17.799463,60,group_1,2024-07-08 11:20:00-04:00,5,explained,flat,0.8107,sell,3,14.865,down,sell,False,True,hold,False
2026-08-11 12:56:22.307143,57,group_1,2022-09-06 11:45:00-04:00,0,explained,up,0.818,buy,3,67.693,down,sell,False,False,buy,True
2026-08-11 12:56:38.451548,57,group_1,2022-11-07 13:25:00-05:00,1,explained,up,0.4333,buy,3,15.853,up,buy,True,True,buy,True
2026-08-11 12:56:53.250060,57,group_1,2023-03-20 09:30:00-04:00,2,explained,up,0.5718,sell,3,14.454,up,buy,True,False,buy,False
2026-08-11 12:57:09.088993,57,group_1,2023-10-20 14:40:00-04:00,3,explained,flat,0.3523,hold,3,15.572,down,sell,False,False,hold,True
2026-08-11 12:57:39.701525,57,group_1,2023-12-26 13:45:00-05:00,4,explained,flat,0.8882,hold,3,30.335,flat,hold,True,True,hold,True
2026-08-11 12:57:52.607742,57,group_1,2024-07-08 11:20:00-04:00,5,explained,flat,0.8107,hold,3,12.599,down,sell,False,False,hold,True
2026-08-11 12:58:06.590793,69,group_2,2022-09-27 11:00:00-04:00,0,explained,up,0.9032,buy,5,42.22,down,sell,False,False,buy,True
2026-08-11 12:58:27.434546,69,group_2,2022-11-14 12:55:00-05:00,1,explained,down,0.4507,buy,4,20.561,up,buy,False,True,sell,False
2026-08-11 12:59:12.542492,69,group_2,2023-04-20 09:50:00-04:00,2,explained,flat,0.4116,hold,4,44.792,up,buy,False,False,hold,True
2026-08-11 13:08:15.371578,72,group_1,2022-09-06 11:45:00-04:00,0,explained,up,0.818,sell,5,68.482,down,sell,False,True,buy,False
2026-08-11 13:08:33.005089,72,group_1,2022-11-07 13:25:00-05:00,1,explained,up,0.4333,buy,5,17.359,up,buy,True,True,buy,True
2026-08-11 13:08:43.061890,72,group_1,2023-03-20 09:30:00-04:00,2,explained,up,0.5718,sell,5,9.724,up,buy,True,False,buy,False
2026-08-11 13:08:49.986478,72,group_1,2023-10-20 14:40:00-04:00,3,explained,flat,0.3523,buy,5,6.675,down,sell,False,False,hold,False
2026-08-11 13:33:40.041541,10,group_2,2022-09-27 11:00:00-04:00,0,explained,up,0.9032,hold,5,49.362,down,sell,False,False,buy,False
2026-08-11 13:34:14.470352,10,group_2,2022-11-14 12:55:00-05:00,1,explained,down,0.4507,sell,3,33.924,up,buy,False,False,sell,True
2026-08-11 13:34:33.947083,10,group_2,2023-04-20 09:50:00-04:00,2,explained,flat,0.4116,sell,5,18.893,up,buy,False,False,hold,False
2026-08-11 13:34:34.517539,10,group_2,2023-04-20 09:50:00-04:00,2,explained,flat,0.4116,sell,5,19.186,up,buy,False,False,hold,False
2026-08-11 13:34:45.286559,10,group_2,2023-12-01 14:55:00-05:00,3,explained,down,0.6042,hold,3,10.284,flat,hold,False,True,sell,False
2026-08-11 13:35:12.530021,10,group_2,2024-04-26 11:30:00-04:00,4,explained,flat,0.4042,sell,5,26.758,up,buy,False,False,hold,False
2026-08-11 13:35:35.171077,10,group_2,2024-09-26 09:40:00-04:00,5,explained,down,0.7008,sell,3,22.237,down,sell,True,True,sell,True
2026-08-11 13:35:45.822008,10,group_2,2025-05-21 14:40:00-04:00,6,explained,up,0.3529,hold,3,10.054,down,sell,False,False,buy,False
2026-08-11 13:36:18.173460,10,group_2,2025-12-12 11:50:00-05:00,7,explained,down,0.4241,sell,3,31.746,up,buy,False,False,sell,True
2026-08-11 13:36:26.123961,10,group_2,2025-12-22 11:45:00-05:00,8,explained,flat,0.8806,buy,5,7.589,flat,hold,True,False,hold,False
2026-08-11 13:37:03.773986,10,group_2,2026-06-24 14:40:00-04:00,9,explained,down,0.6079,buy,3,37.178,down,sell,True,False,sell,False
2026-08-11 13:37:12.109717,10,group_2,2022-09-06 11:45:00-04:00,10,unexplained,up,0.818,buy,3,7.952,down,sell,False,False,buy,True
2026-08-11 13:37:20.360013,10,group_2,2022-11-07 13:25:00-05:00,11,unexplained,up,0.4333,hold,3,7.665,up,buy,True,False,buy,False
2026-08-11 13:37:37.925307,10,group_2,2023-03-20 09:30:00-04:00,12,unexplained,up,0.5718,sell,3,17.203,up,buy,True,False,buy,False
2026-08-11 13:37:43.917110,10,group_2,2023-10-20 14:40:00-04:00,13,unexplained,flat,0.3523,hold,3,5.656,down,sell,False,False,hold,True
2026-08-11 13:37:49.658337,10,group_2,2023-12-26 13:45:00-05:00,14,unexplained,flat,0.8882,sell,3,5.149,flat,hold,True,False,hold,False
2026-08-11 13:38:45.603006,10,group_2,2024-07-08 11:20:00-04:00,15,unexplained,flat,0.8107,buy,3,55.559,down,sell,False,False,hold,False
2026-08-11 13:38:52.209515,10,group_2,2025-03-28 12:45:00-04:00,16,unexplained,down,0.4593,hold,3,6.21,down,sell,True,False,sell,False
2026-08-11 13:38:59.387026,10,group_2,2025-07-18 10:35:00-04:00,17,unexplained,flat,0.7856,sell,5,6.002,flat,hold,True,False,hold,False
2026-08-11 13:39:09.070421,10,group_2,2025-12-18 13:05:00-05:00,18,unexplained,up,0.3841,hold,4,9.306,flat,hold,False,True,buy,False
2026-08-11 13:39:17.191908,10,group_2,2026-02-17 13:05:00-05:00,19,unexplained,up,0.3797,hold,4,7.688,up,buy,True,False,buy,False
2026-08-11 13:54:46.633135,59,group_1,2022-09-06 11:45:00-04:00,0,explained,up,0.818,hold,1,51.179,down,sell,False,False,buy,False
2026-08-11 13:55:01.129785,59,group_1,2022-11-07 13:25:00-05:00,1,explained,up,0.4333,hold,1,14.133,up,buy,True,False,buy,False
2026-08-11 13:55:08.875310,59,group_1,2023-03-20 09:30:00-04:00,2,explained,up,0.5718,hold,3,7.354,up,buy,True,False,buy,False
2026-08-11 13:55:20.158128,59,group_1,2023-10-20 14:40:00-04:00,3,explained,flat,0.3523,sell,3,10.842,down,sell,False,True,hold,False
2026-08-11 13:55:25.125017,59,group_1,2023-12-26 13:45:00-05:00,4,explained,flat,0.8882,hold,3,4.616,flat,hold,True,True,hold,True
2026-08-11 13:55:47.636123,59,group_1,2024-07-08 11:20:00-04:00,5,explained,flat,0.8107,hold,1,21.98,down,sell,False,False,hold,True
2026-08-11 13:56:34.213719,59,group_1,2025-03-28 12:45:00-04:00,6,explained,down,0.4593,buy,1,46.179,down,sell,True,False,sell,False
2026-08-11 13:56:53.232218,59,group_1,2025-07-18 10:35:00-04:00,7,explained,flat,0.7856,sell,3,18.596,flat,hold,True,False,hold,False
2026-08-11 13:57:05.359429,59,group_1,2025-12-18 13:05:00-05:00,8,explained,up,0.3841,hold,3,11.751,flat,hold,False,True,buy,False
2026-08-11 13:57:15.014146,59,group_1,2026-02-17 13:05:00-05:00,9,explained,up,0.3797,sell,3,9.27,up,buy,True,False,buy,False
2026-08-11 13:57:44.905018,59,group_1,2022-09-27 11:00:00-04:00,10,unexplained,up,0.9032,hold,1,29.463,down,sell,False,False,buy,False
2026-08-11 13:57:55.426970,59,group_1,2022-11-14 12:55:00-05:00,11,unexplained,down,0.4507,hold,3,10.152,up,buy,False,False,sell,False
2026-08-11 13:58:03.517495,59,group_1,2023-04-20 09:50:00-04:00,12,unexplained,flat,0.4116,sell,1,7.738,up,buy,False,False,hold,False
2026-08-11 13:58:13.853926,59,group_1,2023-12-01 14:55:00-05:00,13,unexplained,down,0.6042,hold,1,9.96,flat,hold,False,True,sell,False
2026-08-11 13:58:23.086733,59,group_1,2024-04-26 11:30:00-04:00,14,unexplained,flat,0.4042,hold,1,8.845,up,buy,False,False,hold,True
2026-08-11 13:58:29.011126,59,group_1,2024-09-26 09:40:00-04:00,15,unexplained,down,0.7008,hold,3,5.458,down,sell,True,False,sell,False
2026-08-11 13:58:39.083263,59,group_1,2025-05-21 14:40:00-04:00,16,unexplained,up,0.3529,sell,3,9.69,down,sell,False,True,buy,False
2026-08-11 13:58:45.891948,59,group_1,2025-12-12 11:50:00-05:00,17,unexplained,down,0.4241,sell,1,6.459,up,buy,False,False,sell,True
2026-08-11 13:58:53.518355,59,group_1,2025-12-22 11:45:00-05:00,18,unexplained,flat,0.8806,hold,1,7.25,flat,hold,True,True,hold,True
2026-08-11 13:59:02.322241,59,group_1,2026-06-24 14:40:00-04:00,19,unexplained,down,0.6079,hold,1,8.345,down,sell,True,False,sell,False
2026-08-11 13:59:09.172757,59,group_1,2026-06-24 14:40:00-04:00,19,unexplained,down,0.6079,hold,1,15.181,down,sell,True,False,sell,False
2026-08-11 14:13:52.907454,68,group_1,2022-09-06 11:45:00-04:00,0,explained,up,0.818,hold,3,83.174,down,sell,False,False,buy,False
2026-08-11 14:14:00.164155,68,group_1,2022-11-07 13:25:00-05:00,1,explained,up,0.4333,hold,3,6.816,up,buy,True,False,buy,False
2026-08-11 14:14:05.023595,68,group_1,2023-03-20 09:30:00-04:00,2,explained,up,0.5718,sell,3,4.319,up,buy,True,False,buy,False
2026-08-11 14:14:09.496866,68,group_1,2023-10-20 14:40:00-04:00,3,explained,flat,0.3523,sell,3,4.098,down,sell,False,True,hold,False
2026-08-11 14:14:14.136924,68,group_1,2023-12-26 13:45:00-05:00,4,explained,flat,0.8882,buy,3,4.241,flat,hold,True,False,hold,False
2026-08-11 14:14:22.171506,68,group_1,2024-07-08 11:20:00-04:00,5,explained,flat,0.8107,buy,3,7.665,down,sell,False,False,hold,False
2026-08-11 14:14:26.904882,68,group_1,2025-03-28 12:45:00-04:00,6,explained,down,0.4593,sell,3,4.304,down,sell,True,True,sell,True
2026-08-11 14:14:32.313448,68,group_1,2025-07-18 10:35:00-04:00,7,explained,flat,0.7856,sell,3,5.033,flat,hold,True,False,hold,False
2026-08-11 14:14:36.946646,68,group_1,2025-12-18 13:05:00-05:00,8,explained,up,0.3841,hold,3,4.252,flat,hold,False,True,buy,False
2026-08-11 14:14:42.880229,68,group_1,2026-02-17 13:05:00-05:00,9,explained,up,0.3797,hold,3,5.445,up,buy,True,False,buy,False
2026-08-11 14:14:43.042671,68,group_1,2026-02-17 13:05:00-05:00,9,explained,up,0.3797,hold,3,5.657,up,buy,True,False,buy,False
2026-08-11 14:14:49.108668,68,group_1,2022-09-27 11:00:00-04:00,10,unexplained,up,0.9032,sell,3,5.647,down,sell,False,True,buy,False
2026-08-11 14:14:54.282400,68,group_1,2022-11-14 12:55:00-05:00,11,unexplained,down,0.4507,hold,3,4.727,up,buy,False,False,sell,False
2026-08-11 14:15:05.514026,68,group_1,2023-04-20 09:50:00-04:00,12,unexplained,flat,0.4116,sell,3,10.686,up,buy,False,False,hold,False
2026-08-11 14:15:30.260269,68,group_1,2023-12-01 14:55:00-05:00,13,unexplained,down,0.6042,hold,3,24.328,flat,hold,False,True,sell,False
2026-08-11 14:15:38.072286,68,group_1,2024-04-26 11:30:00-04:00,14,unexplained,flat,0.4042,hold,3,7.375,up,buy,False,False,hold,True
2026-08-11 14:15:43.431048,68,group_1,2024-09-26 09:40:00-04:00,15,unexplained,down,0.7008,hold,3,4.894,down,sell,True,False,sell,False
2026-08-11 14:15:51.977659,68,group_1,2025-05-21 14:40:00-04:00,16,unexplained,up,0.3529,sell,3,8.173,down,sell,False,True,buy,False
2026-08-11 14:15:56.877783,68,group_1,2025-12-12 11:50:00-05:00,17,unexplained,down,0.4241,sell,3,4.449,up,buy,False,False,sell,True
2026-08-11 14:16:02.774939,68,group_1,2025-12-22 11:45:00-05:00,18,unexplained,flat,0.8806,sell,3,5.487,flat,hold,True,False,hold,False
2026-08-11 14:16:08.623797,68,group_1,2026-06-24 14:40:00-04:00,19,unexplained,down,0.6079,sell,3,5.466,down,sell,True,True,sell,True
2026-08-11 14:16:08.912987,68,group_1,2026-06-24 14:40:00-04:00,19,unexplained,down,0.6079,sell,3,5.705,down,sell,True,True,sell,True
2026-08-11 14:45:17.302821,73,group_2,2022-09-27 11:00:00-04:00,0,explained,up,0.9032,buy,3,35.418,down,sell,False,False,buy,True
2026-08-11 14:45:53.534235,73,group_2,2022-11-14 12:55:00-05:00,1,explained,down,0.4507,hold,3,35.813,up,buy,False,False,sell,False
2026-08-11 14:46:08.313954,73,group_2,2023-04-20 09:50:00-04:00,2,explained,flat,0.4116,sell,3,14.364,up,buy,False,False,hold,False
2026-08-11 14:46:21.103043,73,group_2,2023-12-01 14:55:00-05:00,3,explained,down,0.6042,buy,3,12.165,flat,hold,False,False,sell,False
2026-08-11 14:46:26.308700,73,group_2,2024-04-26 11:30:00-04:00,4,explained,flat,0.4042,buy,3,4.805,up,buy,False,True,hold,False
2026-08-11 14:46:30.360226,73,group_2,2024-09-26 09:40:00-04:00,5,explained,down,0.7008,buy,3,3.667,down,sell,True,False,sell,False
2026-08-11 14:46:34.833111,73,group_2,2025-05-21 14:40:00-04:00,6,explained,up,0.3529,sell,3,4.002,down,sell,False,True,buy,False
2026-08-11 14:46:39.804607,73,group_2,2025-12-12 11:50:00-05:00,7,explained,down,0.4241,sell,3,4.592,up,buy,False,False,sell,True
2026-08-11 14:46:44.432956,73,group_2,2025-12-22 11:45:00-05:00,8,explained,flat,0.8806,buy,3,4.164,flat,hold,True,False,hold,False
2026-08-11 14:46:50.571085,73,group_2,2026-06-24 14:40:00-04:00,9,explained,down,0.6079,buy,3,5.655,down,sell,True,False,sell,False
2026-08-11 14:47:03.385959,73,group_2,2022-09-06 11:45:00-04:00,10,unexplained,up,0.818,buy,3,12.407,down,sell,False,False,buy,True
2026-08-11 14:47:15.538967,73,group_2,2022-11-07 13:25:00-05:00,11,unexplained,up,0.4333,sell,3,11.777,up,buy,True,False,buy,False
2026-08-11 14:47:21.209167,73,group_2,2023-03-20 09:30:00-04:00,12,unexplained,up,0.5718,sell,3,5.265,up,buy,True,False,buy,False
2026-08-11 14:47:25.521699,73,group_2,2023-10-20 14:40:00-04:00,13,unexplained,flat,0.3523,hold,3,3.912,down,sell,False,False,hold,True
2026-08-11 14:47:31.871450,73,group_2,2023-12-26 13:45:00-05:00,14,unexplained,flat,0.8882,buy,3,5.913,flat,hold,True,False,hold,False
2026-08-11 14:47:41.156603,73,group_2,2024-07-08 11:20:00-04:00,15,unexplained,flat,0.8107,hold,3,8.87,down,sell,False,False,hold,True
2026-08-11 14:47:47.572820,73,group_2,2025-03-28 12:45:00-04:00,16,unexplained,down,0.4593,sell,3,6.017,down,sell,True,True,sell,True
2026-08-11 14:48:08.588698,73,group_2,2025-07-18 10:35:00-04:00,17,unexplained,flat,0.7856,hold,3,20.574,flat,hold,True,True,hold,True
2026-08-11 14:48:22.015154,73,group_2,2025-12-18 13:05:00-05:00,18,unexplained,up,0.3841,hold,3,13.024,flat,hold,False,True,buy,False
2026-08-11 14:48:29.965484,73,group_2,2026-02-17 13:05:00-05:00,19,unexplained,up,0.3797,buy,3,7.582,up,buy,True,True,buy,True
2026-08-11 15:03:11.779430,87,group_2,2022-09-27 11:00:00-04:00,0,explained,up,0.9032,buy,5,23.346,down,sell,False,False,buy,True
2026-08-11 15:03:26.167916,87,group_2,2022-11-14 12:55:00-05:00,1,explained,down,0.4507,sell,3,13.888,up,buy,False,False,sell,True
2026-08-11 15:03:37.653175,87,group_2,2023-04-20 09:50:00-04:00,2,explained,flat,0.4116,hold,3,11.061,up,buy,False,False,hold,True
2026-08-11 15:04:00.362821,87,group_2,2023-12-01 14:55:00-05:00,3,explained,down,0.6042,sell,5,22.316,flat,hold,False,False,sell,True
2026-08-11 15:04:09.697637,87,group_2,2024-04-26 11:30:00-04:00,4,explained,flat,0.4042,hold,4,8.767,up,buy,False,False,hold,True
2026-08-11 15:04:17.840816,87,group_2,2024-09-26 09:40:00-04:00,5,explained,down,0.7008,sell,3,7.754,down,sell,True,True,sell,True
2026-08-11 15:04:26.160124,87,group_2,2025-05-21 14:40:00-04:00,6,explained,up,0.3529,buy,3,7.731,down,sell,False,False,buy,True
2026-08-11 15:05:08.022276,87,group_2,2025-12-12 11:50:00-05:00,7,explained,down,0.4241,sell,4,41.433,up,buy,False,False,sell,True
2026-08-11 15:05:15.474017,87,group_2,2025-12-22 11:45:00-05:00,8,explained,flat,0.8806,hold,3,6.748,flat,hold,True,True,hold,True
2026-08-11 15:05:22.985257,87,group_2,2026-06-24 14:40:00-04:00,9,explained,down,0.6079,sell,3,7.08,down,sell,True,True,sell,True
2026-08-11 15:05:30.600793,87,group_2,2022-09-06 11:45:00-04:00,10,unexplained,up,0.818,buy,3,7.031,down,sell,False,False,buy,True
2026-08-11 15:05:55.237063,87,group_2,2022-11-07 13:25:00-05:00,11,unexplained,up,0.4333,buy,3,24.23,up,buy,True,True,buy,True
2026-08-11 15:06:07.512593,87,group_2,2023-03-20 09:30:00-04:00,12,unexplained,up,0.5718,buy,4,11.8,up,buy,True,True,buy,True
2026-08-11 15:06:15.916756,87,group_2,2023-10-20 14:40:00-04:00,13,unexplained,flat,0.3523,sell,3,7.943,down,sell,False,True,hold,False
2026-08-11 15:07:00.953044,87,group_2,2023-12-26 13:45:00-05:00,14,unexplained,flat,0.8882,hold,3,44.585,flat,hold,True,True,hold,True
2026-08-11 15:07:06.019592,87,group_2,2024-07-08 11:20:00-04:00,15,unexplained,flat,0.8107,hold,3,4.691,down,sell,False,False,hold,True
2026-08-11 15:07:13.107238,87,group_2,2025-03-28 12:45:00-04:00,16,unexplained,down,0.4593,sell,5,6.72,down,sell,True,True,sell,True
2026-08-11 15:07:23.834902,87,group_2,2025-07-18 10:35:00-04:00,17,unexplained,flat,0.7856,sell,3,10.333,flat,hold,True,False,hold,False
2026-08-11 15:08:09.420636,87,group_2,2025-12-18 13:05:00-05:00,18,unexplained,up,0.3841,buy,3,45.16,flat,hold,False,False,buy,True
2026-08-11 15:08:17.772137,87,group_2,2026-02-17 13:05:00-05:00,19,unexplained,up,0.3797,buy,4,7.955,up,buy,True,True,buy,True
2026-08-11 15:18:42.920080,82,group_2,2022-09-27 11:00:00-04:00,0,explained,up,0.9032,buy,4,73.462,down,sell,False,False,buy,True
2026-08-11 15:32:41.920889,34,group_2,2022-09-27 11:00:00-04:00,0,explained,up,0.9032,buy,3,23.699,down,sell,False,False,buy,True
2026-08-11 15:33:03.084482,34,group_2,2022-11-14 12:55:00-05:00,1,explained,down,0.4507,hold,4,20.723,up,buy,False,False,sell,False
2026-08-11 15:33:18.674584,34,group_2,2023-04-20 09:50:00-04:00,2,explained,flat,0.4116,hold,5,15.237,up,buy,False,False,hold,True
2026-08-11 15:33:39.204548,34,group_2,2023-12-01 14:55:00-05:00,3,explained,down,0.6042,sell,4,20.118,flat,hold,False,False,sell,True
2026-08-11 15:34:00.292117,34,group_2,2024-04-26 11:30:00-04:00,4,explained,flat,0.4042,hold,3,20.658,up,buy,False,False,hold,True
2026-08-11 15:34:13.473022,34,group_2,2024-09-26 09:40:00-04:00,5,explained,down,0.7008,sell,5,12.807,down,sell,True,True,sell,True
2026-08-11 15:34:22.566762,34,group_2,2025-05-21 14:40:00-04:00,6,explained,up,0.3529,buy,4,8.539,down,sell,False,False,buy,True
2026-08-11 15:34:34.418487,34,group_2,2025-12-12 11:50:00-05:00,7,explained,down,0.4241,buy,2,11.451,up,buy,False,True,sell,False
2026-08-11 15:34:44.919004,34,group_2,2025-12-22 11:45:00-05:00,8,explained,flat,0.8806,sell,3,10.074,flat,hold,True,False,hold,False
2026-08-11 15:34:57.137809,34,group_2,2026-06-24 14:40:00-04:00,9,explained,down,0.6079,sell,3,11.748,down,sell,True,True,sell,True
2026-08-11 15:35:05.179191,34,group_2,2022-09-06 11:45:00-04:00,10,unexplained,up,0.818,buy,4,7.658,down,sell,False,False,buy,True
2026-08-11 15:35:18.461667,34,group_2,2022-11-07 13:25:00-05:00,11,unexplained,up,0.4333,buy,3,12.876,up,buy,True,True,buy,True
2026-08-11 15:35:26.314680,34,group_2,2023-03-20 09:30:00-04:00,12,unexplained,up,0.5718,hold,3,7.436,up,buy,True,False,buy,False
2026-08-11 15:35:34.424086,34,group_2,2023-10-20 14:40:00-04:00,13,unexplained,flat,0.3523,hold,2,7.709,down,sell,False,False,hold,True
2026-08-11 15:35:49.362215,34,group_2,2023-12-26 13:45:00-05:00,14,unexplained,flat,0.8882,hold,4,14.556,flat,hold,True,True,hold,True
2026-08-11 15:35:57.223902,34,group_2,2024-07-08 11:20:00-04:00,15,unexplained,flat,0.8107,sell,3,7.494,down,sell,False,True,hold,False
2026-08-11 15:36:06.257212,34,group_2,2025-03-28 12:45:00-04:00,16,unexplained,down,0.4593,hold,4,8.616,down,sell,True,False,sell,False
2026-08-11 15:36:15.042470,34,group_2,2025-07-18 10:35:00-04:00,17,unexplained,flat,0.7856,hold,3,8.402,flat,hold,True,True,hold,True
2026-08-11 15:36:23.785504,34,group_2,2025-12-18 13:05:00-05:00,18,unexplained,up,0.3841,sell,4,8.268,flat,hold,False,False,buy,False
2026-08-11 15:36:31.336015,34,group_2,2026-02-17 13:05:00-05:00,19,unexplained,up,0.3797,buy,3,7.163,up,buy,True,True,buy,True
2026-08-11 16:25:35.071036,65,group_1,2022-09-06 11:45:00-04:00,0,explained,up,0.818,hold,3,77.72,down,sell,False,False,buy,False
2026-08-11 16:25:55.491461,65,group_1,2022-11-07 13:25:00-05:00,1,explained,up,0.4333,sell,3,20.126,up,buy,True,False,buy,False
2026-08-11 16:26:05.513647,65,group_1,2023-03-20 09:30:00-04:00,2,explained,up,0.5718,hold,3,9.73,up,buy,True,False,buy,False
2026-08-11 16:26:14.068989,65,group_1,2023-10-20 14:40:00-04:00,3,explained,flat,0.3523,buy,3,8.308,down,sell,False,False,hold,False
2026-08-11 16:26:40.703110,65,group_1,2023-12-26 13:45:00-05:00,4,explained,flat,0.8882,buy,3,26.355,flat,hold,True,False,hold,False
2026-08-11 16:26:50.367111,65,group_1,2024-07-08 11:20:00-04:00,5,explained,flat,0.8107,hold,3,9.359,down,sell,False,False,hold,True
2026-08-11 16:26:53.356833,65,group_1,2025-03-28 12:45:00-04:00,6,explained,down,0.4593,hold,3,2.723,down,sell,True,False,sell,False
2026-08-11 16:26:58.661287,65,group_1,2025-07-18 10:35:00-04:00,7,explained,flat,0.7856,hold,3,5.039,flat,hold,True,True,hold,True
2026-08-11 16:27:05.031818,65,group_1,2025-12-18 13:05:00-05:00,8,explained,up,0.3841,buy,4,6.091,flat,hold,False,False,buy,True
2026-08-11 16:27:24.162440,65,group_1,2026-02-17 13:05:00-05:00,9,explained,up,0.3797,sell,3,18.866,up,buy,True,False,buy,False
2026-08-11 16:27:28.148033,65,group_1,2022-09-27 11:00:00-04:00,10,unexplained,up,0.9032,hold,3,3.698,down,sell,False,False,buy,False
2026-08-11 16:27:47.586994,65,group_1,2022-11-14 12:55:00-05:00,11,unexplained,down,0.4507,sell,3,19.153,up,buy,False,False,sell,True
2026-08-11 16:27:51.533481,65,group_1,2023-04-20 09:50:00-04:00,12,unexplained,flat,0.4116,buy,3,3.629,up,buy,False,True,hold,False
2026-08-11 16:28:03.972110,65,group_1,2023-12-01 14:55:00-05:00,13,unexplained,down,0.6042,buy,3,12.136,flat,hold,False,False,sell,False
2026-08-11 16:28:10.526496,65,group_1,2024-04-26 11:30:00-04:00,14,unexplained,flat,0.4042,hold,3,6.298,up,buy,False,False,hold,True
2026-08-11 16:28:15.985288,65,group_1,2024-09-26 09:40:00-04:00,15,unexplained,down,0.7008,hold,3,5.116,down,sell,True,False,sell,False
2026-08-11 16:28:22.988484,65,group_1,2025-05-21 14:40:00-04:00,16,unexplained,up,0.3529,hold,3,6.588,down,sell,False,False,buy,False
2026-08-11 16:28:30.016247,65,group_1,2025-12-12 11:50:00-05:00,17,unexplained,down,0.4241,hold,3,6.742,up,buy,False,False,sell,False
2026-08-11 16:28:38.478430,65,group_1,2025-12-22 11:45:00-05:00,18,unexplained,flat,0.8806,sell,3,8.206,flat,hold,True,False,hold,False
2026-08-11 16:28:56.662671,65,group_1,2026-06-24 14:40:00-04:00,19,unexplained,down,0.6079,buy,3,17.91,down,sell,True,False,sell,False
2026-08-11 17:04:42.734793,90,group_2,2022-09-27 11:00:00-04:00,0,explained,up,0.9032,buy,4,45.962,down,sell,False,False,buy,True
2026-08-11 17:05:16.649632,90,group_2,2022-11-14 12:55:00-05:00,1,explained,down,0.4507,sell,2,33.602,up,buy,False,False,sell,True
2026-08-11 17:05:46.769302,90,group_2,2023-04-20 09:50:00-04:00,2,explained,flat,0.4116,hold,3,29.82,up,buy,False,False,hold,True
2026-08-11 17:06:28.602607,90,group_2,2023-12-01 14:55:00-05:00,3,explained,down,0.6042,sell,2,41.522,flat,hold,False,False,sell,True
2026-08-11 17:07:16.517476,90,group_2,2024-04-26 11:30:00-04:00,4,explained,flat,0.4042,hold,4,47.411,up,buy,False,False,hold,True
2026-08-11 17:07:40.060671,90,group_2,2024-09-26 09:40:00-04:00,5,explained,down,0.7008,sell,3,23.202,down,sell,True,True,sell,True
2026-08-11 17:07:53.218341,90,group_2,2025-05-21 14:40:00-04:00,6,explained,up,0.3529,buy,5,12.438,down,sell,False,False,buy,True
2026-08-11 17:08:49.664153,90,group_2,2025-12-12 11:50:00-05:00,7,explained,down,0.4241,sell,4,56.113,up,buy,False,False,sell,True
2026-08-11 17:09:01.358065,90,group_2,2025-12-22 11:45:00-05:00,8,explained,flat,0.8806,hold,4,11.372,flat,hold,True,True,hold,True
2026-08-11 17:09:08.661656,90,group_2,2026-06-24 14:40:00-04:00,9,explained,down,0.6079,sell,5,7.033,down,sell,True,True,sell,True
2026-08-11 17:09:58.329622,90,group_2,2022-09-06 11:45:00-04:00,10,unexplained,up,0.818,buy,2,49.31,down,sell,False,False,buy,True
2026-08-11 17:10:07.516115,90,group_2,2022-11-07 13:25:00-05:00,11,unexplained,up,0.4333,buy,3,8.746,up,buy,True,True,buy,True
2026-08-11 17:10:17.539609,90,group_2,2023-03-20 09:30:00-04:00,12,unexplained,up,0.5718,buy,1,9.54,up,buy,True,True,buy,True
2026-08-11 17:10:26.096311,90,group_2,2023-10-20 14:40:00-04:00,13,unexplained,flat,0.3523,hold,3,8.272,down,sell,False,False,hold,True
2026-08-11 17:10:35.663419,90,group_2,2023-12-26 13:45:00-05:00,14,unexplained,flat,0.8882,hold,2,9.271,flat,hold,True,True,hold,True
2026-08-11 17:10:43.759002,90,group_2,2024-07-08 11:20:00-04:00,15,unexplained,flat,0.8107,hold,4,7.817,down,sell,False,False,hold,True
2026-08-11 17:10:51.149966,90,group_2,2025-03-28 12:45:00-04:00,16,unexplained,down,0.4593,sell,2,7.1,down,sell,True,True,sell,True
2026-08-11 17:10:58.583483,90,group_2,2025-07-18 10:35:00-04:00,17,unexplained,flat,0.7856,hold,3,7.006,flat,hold,True,True,hold,True
2026-08-11 17:11:15.992251,90,group_2,2025-12-18 13:05:00-05:00,18,unexplained,up,0.3841,buy,4,17.009,flat,hold,False,False,buy,True
2026-08-11 17:11:27.929165,90,group_2,2026-02-17 13:05:00-05:00,19,unexplained,up,0.3797,buy,3,11.572,up,buy,True,True,buy,True
2026-08-11 17:40:47.101013,88,group_1,2022-09-06 11:45:00-04:00,0,explained,up,0.818,hold,5,51.512,down,sell,False,False,buy,False
2026-08-11 17:40:59.386556,88,group_1,2022-11-07 13:25:00-05:00,1,explained,up,0.4333,sell,5,11.903,up,buy,True,False,buy,False
2026-08-11 17:41:08.133129,88,group_1,2023-03-20 09:30:00-04:00,2,explained,up,0.5718,buy,5,8.447,up,buy,True,True,buy,True
2026-08-11 17:41:13.747888,88,group_1,2023-10-20 14:40:00-04:00,3,explained,flat,0.3523,hold,5,5.294,down,sell,False,False,hold,True
2026-08-11 17:41:19.138772,88,group_1,2023-12-26 13:45:00-05:00,4,explained,flat,0.8882,hold,5,5.129,flat,hold,True,True,hold,True
2026-08-11 17:41:25.533720,88,group_1,2024-07-08 11:20:00-04:00,5,explained,flat,0.8107,hold,5,6.078,down,sell,False,False,hold,True
2026-08-11 17:41:32.549782,88,group_1,2025-03-28 12:45:00-04:00,6,explained,down,0.4593,buy,5,6.751,down,sell,True,False,sell,False
2026-08-11 17:41:41.704117,88,group_1,2025-07-18 10:35:00-04:00,7,explained,flat,0.7856,sell,5,8.871,flat,hold,True,False,hold,False
2026-08-11 17:41:52.536930,88,group_1,2025-12-18 13:05:00-05:00,8,explained,up,0.3841,buy,5,10.538,flat,hold,False,False,buy,True
2026-08-11 17:41:57.630486,88,group_1,2026-02-17 13:05:00-05:00,9,explained,up,0.3797,hold,5,4.846,up,buy,True,False,buy,False
2026-08-11 17:42:07.897760,88,group_1,2022-09-27 11:00:00-04:00,10,unexplained,up,0.9032,sell,5,9.972,down,sell,False,True,buy,False
2026-08-11 17:42:14.232608,88,group_1,2022-11-14 12:55:00-05:00,11,unexplained,down,0.4507,hold,5,6.03,up,buy,False,False,sell,False
2026-08-11 17:42:20.029848,88,group_1,2023-04-20 09:50:00-04:00,12,unexplained,flat,0.4116,buy,5,5.529,up,buy,False,True,hold,False
2026-08-11 17:42:25.599479,88,group_1,2023-12-01 14:55:00-05:00,13,unexplained,down,0.6042,buy,5,5.28,flat,hold,False,False,sell,False
2026-08-11 17:42:29.468834,88,group_1,2024-04-26 11:30:00-04:00,14,unexplained,flat,0.4042,hold,5,3.595,up,buy,False,False,hold,True
2026-08-11 17:42:34.398236,88,group_1,2024-09-26 09:40:00-04:00,15,unexplained,down,0.7008,sell,5,4.637,down,sell,True,True,sell,True
2026-08-11 17:42:40.739593,88,group_1,2025-05-21 14:40:00-04:00,16,unexplained,up,0.3529,hold,5,6.063,down,sell,False,False,buy,False
2026-08-11 17:42:47.437505,88,group_1,2025-12-12 11:50:00-05:00,17,unexplained,down,0.4241,sell,5,6.381,up,buy,False,False,sell,True
2026-08-11 17:42:52.472312,88,group_1,2025-12-22 11:45:00-05:00,18,unexplained,flat,0.8806,hold,5,4.454,flat,hold,True,True,hold,True
2026-08-11 17:42:55.807260,95,group_2,2022-09-27 11:00:00-04:00,0,explained,up,0.9032,buy,2,53.841,down,sell,False,False,buy,True
2026-08-11 17:42:57.846372,88,group_1,2026-06-24 14:40:00-04:00,19,unexplained,down,0.6079,sell,5,5.084,down,sell,True,True,sell,True
2026-08-11 17:43:15.883946,95,group_2,2022-11-14 12:55:00-05:00,1,explained,down,0.4507,hold,3,19.742,up,buy,False,False,sell,False
2026-08-11 17:43:33.183768,95,group_2,2023-04-20 09:50:00-04:00,2,explained,flat,0.4116,sell,3,17.014,up,buy,False,False,hold,False
2026-08-11 17:43:36.631086,93,group_1,2022-09-06 11:45:00-04:00,0,explained,up,0.818,buy,3,33.502,down,sell,False,False,buy,True
2026-08-11 17:43:46.831563,95,group_2,2023-12-01 14:55:00-05:00,3,explained,down,0.6042,hold,2,13.343,flat,hold,False,True,sell,False
2026-08-11 17:44:00.227515,95,group_2,2024-04-26 11:30:00-04:00,4,explained,flat,0.4042,buy,3,13.1,up,buy,False,True,hold,False
2026-08-11 17:44:12.120364,95,group_2,2024-09-26 09:40:00-04:00,5,explained,down,0.7008,sell,4,11.587,down,sell,True,True,sell,True
2026-08-11 17:44:31.853713,95,group_2,2025-05-21 14:40:00-04:00,6,explained,up,0.3529,hold,3,19.089,down,sell,False,False,buy,False
2026-08-11 17:44:44.688930,95,group_2,2025-12-12 11:50:00-05:00,7,explained,down,0.4241,sell,3,12.556,up,buy,False,False,sell,True
2026-08-11 17:44:58.821333,95,group_2,2025-12-22 11:45:00-05:00,8,explained,flat,0.8806,buy,3,13.77,flat,hold,True,False,hold,False
2026-08-11 17:45:05.334840,95,group_2,2026-06-24 14:40:00-04:00,9,explained,down,0.6079,sell,3,6.22,down,sell,True,True,sell,True
2026-08-11 17:45:05.554684,93,group_1,2022-11-07 13:25:00-05:00,1,explained,up,0.4333,hold,2,88.604,up,buy,True,False,buy,False
2026-08-11 17:45:15.443400,95,group_2,2022-09-06 11:45:00-04:00,10,unexplained,up,0.818,buy,3,9.739,down,sell,False,False,buy,True
2026-08-11 17:45:25.363610,93,group_1,2023-03-20 09:30:00-04:00,2,explained,up,0.5718,sell,3,19.319,up,buy,True,False,buy,False
2026-08-11 17:45:26.960216,95,group_2,2022-11-07 13:25:00-05:00,11,unexplained,up,0.4333,sell,3,11.22,up,buy,True,False,buy,False
2026-08-11 17:45:35.875214,95,group_2,2023-03-20 09:30:00-04:00,12,unexplained,up,0.5718,hold,4,8.631,up,buy,True,False,buy,False
2026-08-11 17:45:45.360532,95,group_2,2023-10-20 14:40:00-04:00,13,unexplained,flat,0.3523,sell,4,9.18,down,sell,False,True,hold,False
2026-08-11 17:45:54.728370,95,group_2,2023-12-26 13:45:00-05:00,14,unexplained,flat,0.8882,buy,3,9.077,flat,hold,True,False,hold,False
2026-08-11 17:46:02.380566,95,group_2,2024-07-08 11:20:00-04:00,15,unexplained,flat,0.8107,hold,4,7.372,down,sell,False,False,hold,True
2026-08-11 17:46:09.332183,95,group_2,2025-03-28 12:45:00-04:00,16,unexplained,down,0.4593,sell,4,6.66,down,sell,True,True,sell,True
2026-08-11 17:46:15.109664,95,group_2,2025-07-18 10:35:00-04:00,17,unexplained,flat,0.7856,sell,4,5.474,flat,hold,True,False,hold,False
2026-08-11 17:46:24.618345,95,group_2,2025-12-18 13:05:00-05:00,18,unexplained,up,0.3841,sell,3,9.222,flat,hold,False,False,buy,False
2026-08-11 17:46:31.293513,95,group_2,2026-02-17 13:05:00-05:00,19,unexplained,up,0.3797,sell,3,6.289,up,buy,True,False,buy,False
2026-08-11 17:48:30.123839,98,group_1,2022-09-06 11:45:00-04:00,0,explained,up,0.818,hold,4,22.371,down,sell,False,False,buy,False
2026-08-11 17:49:14.143122,98,group_1,2022-11-07 13:25:00-05:00,1,explained,up,0.4333,hold,3,43.704,up,buy,True,False,buy,False
2026-08-11 17:49:30.568614,98,group_1,2023-03-20 09:30:00-04:00,2,explained,up,0.5718,hold,4,16.09,up,buy,True,False,buy,False
2026-08-11 17:49:50.979670,98,group_1,2023-10-20 14:40:00-04:00,3,explained,flat,0.3523,sell,3,20.064,down,sell,False,True,hold,False
2026-08-11 17:50:08.241138,98,group_1,2023-12-26 13:45:00-05:00,4,explained,flat,0.8882,buy,5,16.891,flat,hold,True,False,hold,False
2026-08-11 17:50:24.285339,98,group_1,2024-07-08 11:20:00-04:00,5,explained,flat,0.8107,buy,4,15.752,down,sell,False,False,hold,False
2026-08-11 17:50:33.090963,98,group_1,2025-03-28 12:45:00-04:00,6,explained,down,0.4593,sell,5,8.544,down,sell,True,True,sell,True
2026-08-11 17:50:41.960447,98,group_1,2025-07-18 10:35:00-04:00,7,explained,flat,0.7856,buy,3,8.618,flat,hold,True,False,hold,False
2026-08-11 17:50:53.575524,98,group_1,2025-12-18 13:05:00-05:00,8,explained,up,0.3841,buy,3,11.32,flat,hold,False,False,buy,True
2026-08-11 17:51:22.194648,98,group_1,2026-02-17 13:05:00-05:00,9,explained,up,0.3797,hold,4,28.317,up,buy,True,False,buy,False
2026-08-11 17:51:28.498074,98,group_1,2022-09-27 11:00:00-04:00,10,unexplained,up,0.9032,buy,3,6.018,down,sell,False,False,buy,True
2026-08-11 17:51:34.292000,98,group_1,2022-11-14 12:55:00-05:00,11,unexplained,down,0.4507,sell,4,5.482,up,buy,False,False,sell,True
2026-08-11 17:51:38.972993,98,group_1,2023-04-20 09:50:00-04:00,12,unexplained,flat,0.4116,hold,3,4.373,up,buy,False,False,hold,True
2026-08-11 17:51:43.654266,98,group_1,2023-12-01 14:55:00-05:00,13,unexplained,down,0.6042,sell,3,4.387,flat,hold,False,False,sell,True
2026-08-11 17:51:48.068405,98,group_1,2024-04-26 11:30:00-04:00,14,unexplained,flat,0.4042,hold,3,4.159,up,buy,False,False,hold,True
2026-08-11 17:51:53.764500,98,group_1,2024-09-26 09:40:00-04:00,15,unexplained,down,0.7008,sell,3,5.419,down,sell,True,True,sell,True
2026-08-11 17:52:02.708464,98,group_1,2025-05-21 14:40:00-04:00,16,unexplained,up,0.3529,hold,3,8.495,down,sell,False,False,buy,False
2026-08-11 17:52:11.046273,98,group_1,2025-12-12 11:50:00-05:00,17,unexplained,down,0.4241,sell,3,5.034,up,buy,False,False,sell,True
2026-08-11 17:52:17.104328,98,group_1,2025-12-22 11:45:00-05:00,18,unexplained,flat,0.8806,sell,3,5.728,flat,hold,True,False,hold,False
2026-08-11 17:52:29.533784,98,group_1,2026-06-24 14:40:00-04:00,19,unexplained,down,0.6079,sell,3,12.117,down,sell,True,True,sell,True
2026-08-11 19:56:17.400055,81,group_1,2022-09-06 11:45:00-04:00,0,explained,up,0.818,buy,3,33.944,down,sell,False,False,buy,True
2026-08-11 19:56:28.401975,81,group_1,2022-11-07 13:25:00-05:00,1,explained,up,0.4333,buy,3,10.724,up,buy,True,True,buy,True
2026-08-11 19:56:42.052536,81,group_1,2023-03-20 09:30:00-04:00,2,explained,up,0.5718,sell,3,13.352,up,buy,True,False,buy,False
2026-08-11 19:56:56.871063,81,group_1,2023-10-20 14:40:00-04:00,3,explained,flat,0.3523,sell,3,14.507,down,sell,False,True,hold,False
2026-08-11 19:57:10.636934,81,group_1,2023-12-26 13:45:00-05:00,4,explained,flat,0.8882,buy,5,13.475,flat,hold,True,False,hold,False
2026-08-11 19:57:17.954254,81,group_1,2024-07-08 11:20:00-04:00,5,explained,flat,0.8107,hold,3,7.008,down,sell,False,False,hold,True
2026-08-11 19:57:29.253026,81,group_1,2025-03-28 12:45:00-04:00,6,explained,down,0.4593,sell,5,8.949,down,sell,True,True,sell,True
2026-08-11 19:57:38.999955,81,group_1,2025-07-18 10:35:00-04:00,7,explained,flat,0.7856,sell,5,9.451,flat,hold,True,False,hold,False
2026-08-11 19:57:51.665041,81,group_1,2025-12-18 13:05:00-05:00,8,explained,up,0.3841,hold,5,12.348,flat,hold,False,True,buy,False
2026-08-11 19:58:02.186271,81,group_1,2026-02-17 13:05:00-05:00,9,explained,up,0.3797,hold,5,10.169,up,buy,True,False,buy,False
2026-08-11 19:58:14.422807,81,group_1,2022-09-27 11:00:00-04:00,10,unexplained,up,0.9032,hold,5,11.929,down,sell,False,False,buy,False
2026-08-11 19:58:27.438795,81,group_1,2022-11-14 12:55:00-05:00,11,unexplained,down,0.4507,buy,5,12.71,up,buy,False,True,sell,False
2026-08-11 19:58:35.151814,81,group_1,2023-04-20 09:50:00-04:00,12,unexplained,flat,0.4116,hold,4,5.211,up,buy,False,False,hold,True
2026-08-11 19:58:46.722673,81,group_1,2023-12-01 14:55:00-05:00,13,unexplained,down,0.6042,buy,2,11.301,flat,hold,False,False,sell,False
2026-08-11 19:58:59.768786,81,group_1,2024-04-26 11:30:00-04:00,14,unexplained,flat,0.4042,buy,3,12.754,up,buy,False,True,hold,False
2026-08-11 19:59:05.511276,81,group_1,2024-09-26 09:40:00-04:00,15,unexplained,down,0.7008,hold,1,5.477,down,sell,True,False,sell,False
2026-08-11 19:59:15.675967,81,group_1,2025-05-21 14:40:00-04:00,16,unexplained,up,0.3529,sell,5,9.869,down,sell,False,True,buy,False
2026-08-11 19:59:23.482416,81,group_1,2025-12-12 11:50:00-05:00,17,unexplained,down,0.4241,sell,4,7.522,up,buy,False,False,sell,True
2026-08-11 19:59:27.756552,81,group_1,2025-12-22 11:45:00-05:00,18,unexplained,flat,0.8806,hold,3,3.972,flat,hold,True,True,hold,True
2026-08-11 19:59:34.707609,81,group_1,2026-06-24 14:40:00-04:00,19,unexplained,down,0.6079,sell,4,6.7,down,sell,True,True,sell,True
2026-08-12 01:53:13.073106,71,group_1,2022-09-06 11:45:00-04:00,0,explained,up,0.818,hold,3,26.951,down,sell,False,False,buy,False
2026-08-12 01:53:26.599682,71,group_1,2022-11-07 13:25:00-05:00,1,explained,up,0.4333,sell,2,13.15,up,buy,True,False,buy,False
2026-08-12 01:53:48.703619,71,group_1,2023-03-20 09:30:00-04:00,2,explained,up,0.5718,buy,4,21.832,up,buy,True,True,buy,True
2026-08-12 01:54:06.180358,71,group_1,2023-10-20 14:40:00-04:00,3,explained,flat,0.3523,buy,3,17.159,down,sell,False,False,hold,False
2026-08-12 01:54:15.821963,71,group_1,2023-12-26 13:45:00-05:00,4,explained,flat,0.8882,hold,5,9.344,flat,hold,True,True,hold,True
2026-08-12 01:54:28.438821,71,group_1,2024-07-08 11:20:00-04:00,5,explained,flat,0.8107,buy,2,12.326,down,sell,False,False,hold,False
2026-08-12 01:54:35.619539,71,group_1,2025-03-28 12:45:00-04:00,6,explained,down,0.4593,buy,5,6.933,down,sell,True,False,sell,False
2026-08-12 01:54:42.757040,71,group_1,2025-07-18 10:35:00-04:00,7,explained,flat,0.7856,sell,5,6.841,flat,hold,True,False,hold,False
2026-08-12 01:55:00.383441,71,group_1,2025-12-18 13:05:00-05:00,8,explained,up,0.3841,hold,3,17.259,flat,hold,False,True,buy,False
2026-08-12 01:55:00.595949,71,group_1,2025-12-18 13:05:00-05:00,8,explained,up,0.3841,hold,3,17.487,flat,hold,False,True,buy,False
2026-08-12 01:55:09.064283,71,group_1,2026-02-17 13:05:00-05:00,9,explained,up,0.3797,sell,5,8.179,up,buy,True,False,buy,False
2026-08-12 01:55:14.537301,71,group_1,2022-09-27 11:00:00-04:00,10,unexplained,up,0.9032,hold,5,5.18,down,sell,False,False,buy,False
2026-08-12 01:55:28.542623,71,group_1,2022-11-14 12:55:00-05:00,11,unexplained,down,0.4507,hold,5,13.725,up,buy,False,False,sell,False
2026-08-12 01:55:34.190645,71,group_1,2023-04-20 09:50:00-04:00,12,unexplained,flat,0.4116,sell,4,5.383,up,buy,False,False,hold,False
2026-08-12 01:55:45.057655,71,group_1,2023-12-01 14:55:00-05:00,13,unexplained,down,0.6042,sell,3,10.534,flat,hold,False,False,sell,True
2026-08-12 01:55:54.639665,71,group_1,2024-04-26 11:30:00-04:00,14,unexplained,flat,0.4042,hold,5,9.293,up,buy,False,False,hold,True
2026-08-12 01:56:02.299071,71,group_1,2024-09-26 09:40:00-04:00,15,unexplained,down,0.7008,sell,5,7.381,down,sell,True,True,sell,True
2026-08-12 01:56:08.337516,71,group_1,2025-05-21 14:40:00-04:00,16,unexplained,up,0.3529,buy,5,5.762,down,sell,False,False,buy,True
2026-08-12 01:56:18.979752,71,group_1,2025-12-12 11:50:00-05:00,17,unexplained,down,0.4241,hold,2,10.362,up,buy,False,False,sell,False
2026-08-12 01:56:42.958524,71,group_1,2025-12-22 11:45:00-05:00,18,unexplained,flat,0.8806,buy,3,23.674,flat,hold,True,False,hold,False
2026-08-12 01:57:02.132075,71,group_1,2026-06-24 14:40:00-04:00,19,unexplained,down,0.6079,sell,4,18.858,down,sell,True,True,sell,True
2026-08-12 09:56:56.253972,110,group_1,2022-09-06 11:45:00-04:00,0,explained,up,0.818,buy,3,62.461,down,sell,False,False,buy,True
2026-08-12 09:57:28.778129,110,group_1,2022-11-07 13:25:00-05:00,1,explained,up,0.4333,hold,3,31.862,up,buy,True,False,buy,False
2026-08-12 09:58:15.897587,110,group_1,2023-03-20 09:30:00-04:00,2,explained,up,0.5718,buy,3,46.648,up,buy,True,True,buy,True
2026-08-12 09:59:59.978374,110,group_1,2023-10-20 14:40:00-04:00,3,explained,flat,0.3523,hold,3,103.523,down,sell,False,False,hold,True
2026-08-12 10:00:17.108121,110,group_1,2023-12-26 13:45:00-05:00,4,explained,flat,0.8882,hold,4,16.309,flat,hold,True,True,hold,True
2026-08-12 10:00:51.089415,110,group_1,2024-07-08 11:20:00-04:00,5,explained,flat,0.8107,hold,4,33.35,down,sell,False,False,hold,True
2026-08-12 10:01:04.554740,110,group_1,2025-03-28 12:45:00-04:00,6,explained,down,0.4593,sell,3,12.772,down,sell,True,True,sell,True
2026-08-12 10:01:15.049356,110,group_1,2025-07-18 10:35:00-04:00,7,explained,flat,0.7856,hold,4,9.8,flat,hold,True,True,hold,True
2026-08-12 10:02:10.278482,110,group_1,2025-12-18 13:05:00-05:00,8,explained,up,0.3841,buy,2,54.798,flat,hold,False,False,buy,True
2026-08-12 10:02:20.168431,110,group_1,2026-02-17 13:05:00-05:00,9,explained,up,0.3797,hold,3,9.427,up,buy,True,False,buy,False
2026-08-12 10:04:19.837487,110,group_1,2022-09-27 11:00:00-04:00,10,unexplained,up,0.9032,buy,4,119.218,down,sell,False,False,buy,True
2026-08-12 10:04:29.022627,110,group_1,2022-11-14 12:55:00-05:00,11,unexplained,down,0.4507,sell,3,8.728,up,buy,False,False,sell,True
2026-08-12 10:04:46.726668,110,group_1,2023-04-20 09:50:00-04:00,12,unexplained,flat,0.4116,hold,3,17.245,up,buy,False,False,hold,True
2026-08-12 10:05:13.484427,110,group_1,2023-12-01 14:55:00-05:00,13,unexplained,down,0.6042,sell,3,26.273,flat,hold,False,False,sell,True
2026-08-12 10:05:28.821295,110,group_1,2024-04-26 11:30:00-04:00,14,unexplained,flat,0.4042,hold,3,14.884,up,buy,False,False,hold,True
2026-08-12 10:05:39.509629,110,group_1,2024-09-26 09:40:00-04:00,15,unexplained,down,0.7008,sell,4,10.24,down,sell,True,True,sell,True
2026-08-12 10:05:56.564060,110,group_1,2025-05-21 14:40:00-04:00,16,unexplained,up,0.3529,hold,3,16.659,down,sell,False,False,buy,False
2026-08-12 10:06:11.371265,110,group_1,2025-12-12 11:50:00-05:00,17,unexplained,down,0.4241,hold,3,14.408,up,buy,False,False,sell,False
2026-08-12 10:06:27.752823,110,group_1,2025-12-22 11:45:00-05:00,18,unexplained,flat,0.8806,hold,4,15.943,flat,hold,True,True,hold,True
2026-08-12 10:06:36.515964,110,group_1,2026-06-24 14:40:00-04:00,19,unexplained,down,0.6079,sell,4,8.283,down,sell,True,True,sell,True
2026-08-12 10:35:36.014715,111,group_2,2022-09-27 11:00:00-04:00,0,explained,up,0.9032,hold,3,113.789,down,sell,False,False,buy,False
2026-08-12 10:36:06.455182,111,group_2,2022-11-14 12:55:00-05:00,1,explained,down,0.4507,buy,3,29.945,up,buy,False,True,sell,False
2026-08-12 10:36:35.092346,111,group_2,2023-04-20 09:50:00-04:00,2,explained,flat,0.4116,sell,3,28.02,up,buy,False,False,hold,False
2026-08-12 10:36:57.182176,111,group_2,2023-12-01 14:55:00-05:00,3,explained,down,0.6042,buy,3,21.65,flat,hold,False,False,sell,False
2026-08-12 10:37:29.796016,111,group_2,2024-04-26 11:30:00-04:00,4,explained,flat,0.4042,hold,3,32.024,up,buy,False,False,hold,True
2026-08-12 10:37:52.377293,111,group_2,2024-09-26 09:40:00-04:00,5,explained,down,0.7008,sell,3,22.001,down,sell,True,True,sell,True
2026-08-12 10:38:14.642238,111,group_2,2025-05-21 14:40:00-04:00,6,explained,up,0.3529,sell,3,21.668,down,sell,False,True,buy,False
2026-08-12 10:38:40.439231,111,group_2,2025-12-12 11:50:00-05:00,7,explained,down,0.4241,sell,3,25.336,up,buy,False,False,sell,True
2026-08-12 10:39:05.917797,111,group_2,2025-12-22 11:45:00-05:00,8,explained,flat,0.8806,hold,3,24.997,flat,hold,True,True,hold,True
2026-08-12 10:39:28.098185,111,group_2,2026-06-24 14:40:00-04:00,9,explained,down,0.6079,sell,3,21.749,down,sell,True,True,sell,True
2026-08-12 10:39:56.971491,111,group_2,2022-09-06 11:45:00-04:00,10,unexplained,up,0.818,buy,3,28.425,down,sell,False,False,buy,True
2026-08-12 10:40:19.190454,111,group_2,2022-11-07 13:25:00-05:00,11,unexplained,up,0.4333,buy,3,21.716,up,buy,True,True,buy,True
2026-08-12 10:40:42.967258,111,group_2,2023-03-20 09:30:00-04:00,12,unexplained,up,0.5718,buy,3,23.343,up,buy,True,True,buy,True
2026-08-12 10:41:03.571078,111,group_2,2023-10-20 14:40:00-04:00,13,unexplained,flat,0.3523,sell,3,20.145,down,sell,False,True,hold,False
2026-08-12 10:42:15.876787,111,group_2,2023-12-26 13:45:00-05:00,14,unexplained,flat,0.8882,hold,3,71.864,flat,hold,True,True,hold,True
2026-08-12 10:42:43.371298,111,group_2,2024-07-08 11:20:00-04:00,15,unexplained,flat,0.8107,hold,3,26.996,down,sell,False,False,hold,True
2026-08-12 10:43:02.005078,124,group_2,2022-09-27 11:00:00-04:00,0,explained,up,0.9032,buy,5,36.048,down,sell,False,False,buy,True
2026-08-12 10:43:11.036863,111,group_2,2025-03-28 12:45:00-04:00,16,unexplained,down,0.4593,sell,3,27.205,down,sell,True,True,sell,True
2026-08-12 10:43:36.389287,111,group_2,2025-07-18 10:35:00-04:00,17,unexplained,flat,0.7856,sell,3,24.918,flat,hold,True,False,hold,False
2026-08-12 10:43:44.287170,124,group_2,2022-11-14 12:55:00-05:00,1,explained,down,0.4507,sell,4,41.879,up,buy,False,False,sell,True
2026-08-12 10:43:58.721359,111,group_2,2025-12-18 13:05:00-05:00,18,unexplained,up,0.3841,hold,3,21.836,flat,hold,False,True,buy,False
2026-08-12 10:44:11.233828,124,group_2,2023-04-20 09:50:00-04:00,2,explained,flat,0.4116,hold,3,26.532,up,buy,False,False,hold,True
2026-08-12 10:44:20.125145,111,group_2,2026-02-17 13:05:00-05:00,19,unexplained,up,0.3797,hold,3,20.966,up,buy,True,False,buy,False
2026-08-12 10:44:36.687825,124,group_2,2023-12-01 14:55:00-05:00,3,explained,down,0.6042,hold,3,24.993,flat,hold,False,True,sell,False
2026-08-12 10:44:57.085619,124,group_2,2024-04-26 11:30:00-04:00,4,explained,flat,0.4042,hold,3,19.892,up,buy,False,False,hold,True
2026-08-12 10:45:06.830035,124,group_2,2024-09-26 09:40:00-04:00,5,explained,down,0.7008,sell,3,9.165,down,sell,True,True,sell,True
2026-08-12 10:45:21.023954,124,group_2,2025-05-21 14:40:00-04:00,6,explained,up,0.3529,hold,3,13.735,down,sell,False,False,buy,False
2026-08-12 10:45:44.101982,124,group_2,2025-12-12 11:50:00-05:00,7,explained,down,0.4241,sell,3,22.56,up,buy,False,False,sell,True
2026-08-12 10:46:10.013120,124,group_2,2025-12-22 11:45:00-05:00,8,explained,flat,0.8806,hold,3,25.446,flat,hold,True,True,hold,True
2026-08-12 10:46:21.730066,124,group_2,2026-06-24 14:40:00-04:00,9,explained,down,0.6079,sell,3,11.287,down,sell,True,True,sell,True
2026-08-12 10:46:49.740722,124,group_2,2022-09-06 11:45:00-04:00,10,unexplained,up,0.818,sell,3,27.586,down,sell,False,True,buy,False
2026-08-12 10:47:06.771033,124,group_2,2022-11-07 13:25:00-05:00,11,unexplained,up,0.4333,hold,3,16.577,up,buy,True,False,buy,False
2026-08-12 10:47:16.349031,124,group_2,2023-03-20 09:30:00-04:00,12,unexplained,up,0.5718,sell,3,9.152,up,buy,True,False,buy,False
2026-08-12 10:47:22.347538,124,group_2,2023-10-20 14:40:00-04:00,13,unexplained,flat,0.3523,sell,3,5.563,down,sell,False,True,hold,False
2026-08-12 10:47:33.354503,124,group_2,2023-12-26 13:45:00-05:00,14,unexplained,flat,0.8882,sell,3,10.584,flat,hold,True,False,hold,False
2026-08-12 10:47:42.530067,124,group_2,2024-07-08 11:20:00-04:00,15,unexplained,flat,0.8107,sell,3,8.664,down,sell,False,True,hold,False
2026-08-12 10:47:56.133251,124,group_2,2025-03-28 12:45:00-04:00,16,unexplained,down,0.4593,hold,3,13.106,down,sell,True,False,sell,False
2026-08-12 10:48:06.423797,124,group_2,2025-07-18 10:35:00-04:00,17,unexplained,flat,0.7856,hold,3,9.862,flat,hold,True,True,hold,True
2026-08-12 10:48:11.602229,124,group_2,2025-12-18 13:05:00-05:00,18,unexplained,up,0.3841,hold,3,4.708,flat,hold,False,True,buy,False
2026-08-12 10:48:18.353428,124,group_2,2026-02-17 13:05:00-05:00,19,unexplained,up,0.3797,hold,3,6.317,up,buy,True,False,buy,False
2026-08-12 10:56:05.401136,84,group_2,2022-09-27 11:00:00-04:00,0,explained,up,0.9032,sell,4,69.841,down,sell,False,True,buy,False
2026-08-12 10:56:21.962899,84,group_2,2022-11-14 12:55:00-05:00,1,explained,down,0.4507,buy,5,16.114,up,buy,False,True,sell,False
2026-08-12 10:56:34.314027,84,group_2,2023-04-20 09:50:00-04:00,2,explained,flat,0.4116,hold,3,11.913,up,buy,False,False,hold,True
2026-08-12 10:56:48.098849,84,group_2,2023-12-01 14:55:00-05:00,3,explained,down,0.6042,buy,3,13.224,flat,hold,False,False,sell,False
2026-08-12 11:04:33.826963,84,group_2,2024-04-26 11:30:00-04:00,4,explained,flat,0.4042,hold,3,464.717,up,buy,False,False,hold,True
2026-08-12 11:04:43.282448,84,group_2,2024-09-26 09:40:00-04:00,5,explained,down,0.7008,hold,3,8.535,down,sell,True,False,sell,False
2026-08-12 11:04:47.066270,84,group_2,2025-05-21 14:40:00-04:00,6,explained,up,0.3529,hold,3,3.335,down,sell,False,False,buy,False
2026-08-12 11:04:50.401801,84,group_2,2025-12-12 11:50:00-05:00,7,explained,down,0.4241,hold,3,2.537,up,buy,False,False,sell,False
2026-08-12 11:04:53.027295,84,group_2,2025-12-22 11:45:00-05:00,8,explained,flat,0.8806,hold,3,2.223,flat,hold,True,True,hold,True
2026-08-12 11:04:56.735138,84,group_2,2026-06-24 14:40:00-04:00,9,explained,down,0.6079,hold,3,2.713,down,sell,True,False,sell,False
2026-08-12 11:04:59.594695,84,group_2,2022-09-06 11:45:00-04:00,10,unexplained,up,0.818,hold,3,2.493,down,sell,False,False,buy,False
2026-08-12 11:05:03.602752,84,group_2,2022-11-07 13:25:00-05:00,11,unexplained,up,0.4333,hold,3,3.573,up,buy,True,False,buy,False
2026-08-12 11:05:13.425979,84,group_2,2023-03-20 09:30:00-04:00,12,unexplained,up,0.5718,sell,3,9.199,up,buy,True,False,buy,False
2026-08-12 11:05:19.963865,84,group_2,2023-10-20 14:40:00-04:00,13,unexplained,flat,0.3523,buy,3,6.102,down,sell,False,False,hold,False
2026-08-12 11:05:25.122809,84,group_2,2023-12-26 13:45:00-05:00,14,unexplained,flat,0.8882,hold,3,4.757,flat,hold,True,True,hold,True
2026-08-12 11:05:35.176860,84,group_2,2024-07-08 11:20:00-04:00,15,unexplained,flat,0.8107,hold,3,9.628,down,sell,False,False,hold,True
2026-08-12 11:05:36.607656,127,group_2,2022-09-27 11:00:00-04:00,0,explained,up,0.9032,buy,3,42.11,down,sell,False,False,buy,True
2026-08-12 11:05:41.292234,84,group_2,2025-03-28 12:45:00-04:00,16,unexplained,down,0.4593,sell,3,5.692,down,sell,True,True,sell,True
2026-08-12 11:05:48.712378,84,group_2,2025-07-18 10:35:00-04:00,17,unexplained,flat,0.7856,sell,3,6.997,flat,hold,True,False,hold,False
2026-08-12 11:05:57.540972,84,group_2,2025-12-18 13:05:00-05:00,18,unexplained,up,0.3841,buy,3,8.434,flat,hold,False,False,buy,True
2026-08-12 11:06:04.078610,84,group_2,2026-02-17 13:05:00-05:00,19,unexplained,up,0.3797,hold,3,6.129,up,buy,True,False,buy,False
2026-08-12 11:06:14.738913,127,group_2,2022-11-14 12:55:00-05:00,1,explained,down,0.4507,hold,3,37.684,up,buy,False,False,sell,False
2026-08-12 11:06:37.541316,127,group_2,2023-04-20 09:50:00-04:00,2,explained,flat,0.4116,hold,3,22.416,up,buy,False,False,hold,True
2026-08-12 11:07:02.458048,127,group_2,2023-12-01 14:55:00-05:00,3,explained,down,0.6042,sell,3,24.469,flat,hold,False,False,sell,True
2026-08-12 11:07:23.806291,127,group_2,2024-04-26 11:30:00-04:00,4,explained,flat,0.4042,hold,3,20.915,up,buy,False,False,hold,True
2026-08-12 11:07:38.788164,127,group_2,2024-09-26 09:40:00-04:00,5,explained,down,0.7008,sell,3,14.592,down,sell,True,True,sell,True
2026-08-12 11:08:00.109561,127,group_2,2025-05-21 14:40:00-04:00,6,explained,up,0.3529,sell,3,20.89,down,sell,False,True,buy,False
2026-08-12 11:08:36.855023,127,group_2,2025-12-12 11:50:00-05:00,7,explained,down,0.4241,sell,2,36.335,up,buy,False,False,sell,True
2026-08-12 11:08:45.961588,127,group_2,2025-12-22 11:45:00-05:00,8,explained,flat,0.8806,hold,3,8.612,flat,hold,True,True,hold,True
2026-08-12 11:09:30.656916,127,group_2,2026-06-24 14:40:00-04:00,9,explained,down,0.6079,sell,3,44.236,down,sell,True,True,sell,True
2026-08-12 11:09:42.095299,127,group_2,2022-09-06 11:45:00-04:00,10,unexplained,up,0.818,buy,3,10.899,down,sell,False,False,buy,True
2026-08-12 11:40:51.508699,123,group_2,2022-09-27 11:00:00-04:00,0,explained,up,0.9032,sell,3,29.023,down,sell,False,True,buy,False
2026-08-12 11:41:05.196637,123,group_2,2022-11-14 12:55:00-05:00,1,explained,down,0.4507,sell,3,13.073,up,buy,False,False,sell,True
2026-08-12 11:41:12.008496,123,group_2,2023-04-20 09:50:00-04:00,2,explained,flat,0.4116,hold,3,6.401,up,buy,False,False,hold,True
2026-08-12 11:41:15.941407,123,group_2,2023-12-01 14:55:00-05:00,3,explained,down,0.6042,sell,3,3.431,flat,hold,False,False,sell,True
2026-08-12 11:41:19.275875,123,group_2,2024-04-26 11:30:00-04:00,4,explained,flat,0.4042,sell,3,2.925,up,buy,False,False,hold,False
2026-08-12 11:41:22.893567,123,group_2,2024-09-26 09:40:00-04:00,5,explained,down,0.7008,buy,3,3.192,down,sell,True,False,sell,False
2026-08-12 11:41:26.061742,123,group_2,2025-05-21 14:40:00-04:00,6,explained,up,0.3529,buy,3,2.325,down,sell,False,False,buy,True
2026-08-12 11:41:29.893329,123,group_2,2025-12-12 11:50:00-05:00,7,explained,down,0.4241,buy,3,3.414,up,buy,False,True,sell,False
2026-08-12 11:41:32.744480,123,group_2,2025-12-22 11:45:00-05:00,8,explained,flat,0.8806,hold,3,2.436,flat,hold,True,True,hold,True
2026-08-12 11:41:36.208410,123,group_2,2026-06-24 14:40:00-04:00,9,explained,down,0.6079,sell,3,3.037,down,sell,True,True,sell,True
2026-08-12 11:41:42.210788,123,group_2,2022-09-06 11:45:00-04:00,10,unexplained,up,0.818,buy,3,5.551,down,sell,False,False,buy,True
2026-08-12 11:41:48.029057,123,group_2,2022-11-07 13:25:00-05:00,11,unexplained,up,0.4333,buy,3,5.369,up,buy,True,True,buy,True
2026-08-12 11:41:53.431883,123,group_2,2023-03-20 09:30:00-04:00,12,unexplained,up,0.5718,buy,3,4.97,up,buy,True,True,buy,True
2026-08-12 11:41:57.634448,123,group_2,2023-10-20 14:40:00-04:00,13,unexplained,flat,0.3523,hold,3,3.755,down,sell,False,False,hold,True
2026-08-12 11:42:00.710315,123,group_2,2023-12-26 13:45:00-05:00,14,unexplained,flat,0.8882,hold,3,2.645,flat,hold,True,True,hold,True
2026-08-12 11:42:03.474015,123,group_2,2024-07-08 11:20:00-04:00,15,unexplained,flat,0.8107,sell,3,2.357,down,sell,False,True,hold,False
2026-08-12 11:42:07.336558,123,group_2,2025-03-28 12:45:00-04:00,16,unexplained,down,0.4593,sell,3,3.407,down,sell,True,True,sell,True
2026-08-12 11:42:10.408660,123,group_2,2025-07-18 10:35:00-04:00,17,unexplained,flat,0.7856,sell,3,2.629,flat,hold,True,False,hold,False
2026-08-12 11:42:13.317597,123,group_2,2025-12-18 13:05:00-05:00,18,unexplained,up,0.3841,sell,3,2.468,flat,hold,False,False,buy,False
2026-08-12 11:42:15.670844,123,group_2,2026-02-17 13:05:00-05:00,19,unexplained,up,0.3797,hold,3,1.934,up,buy,True,False,buy,False
2026-08-12 12:26:08.553428,109,group_1,2022-09-06 11:45:00-04:00,0,explained,up,0.818,hold,5,11.03,down,sell,False,False,buy,False
2026-08-12 12:26:12.727561,109,group_1,2022-11-07 13:25:00-05:00,1,explained,up,0.4333,sell,5,3.933,up,buy,True,False,buy,False
2026-08-12 12:26:18.079165,109,group_1,2023-03-20 09:30:00-04:00,2,explained,up,0.5718,buy,2,5.074,up,buy,True,True,buy,True
2026-08-12 12:26:24.116451,109,group_1,2023-10-20 14:40:00-04:00,3,explained,flat,0.3523,hold,4,5.795,down,sell,False,False,hold,True
2026-08-12 12:26:28.438291,109,group_1,2023-12-26 13:45:00-05:00,4,explained,flat,0.8882,hold,3,4.03,flat,hold,True,True,hold,True
2026-08-12 12:26:31.795420,109,group_1,2024-07-08 11:20:00-04:00,5,explained,flat,0.8107,buy,3,3.098,down,sell,False,False,hold,False
2026-08-12 12:26:34.949907,109,group_1,2025-03-28 12:45:00-04:00,6,explained,down,0.4593,sell,3,2.903,down,sell,True,True,sell,True
2026-08-12 12:26:38.104915,109,group_1,2025-07-18 10:35:00-04:00,7,explained,flat,0.7856,hold,3,2.896,flat,hold,True,True,hold,True
2026-08-12 12:26:41.080212,109,group_1,2025-12-18 13:05:00-05:00,8,explained,up,0.3841,buy,3,2.735,flat,hold,False,False,buy,True
2026-08-12 12:26:44.123172,109,group_1,2026-02-17 13:05:00-05:00,9,explained,up,0.3797,sell,3,2.708,up,buy,True,False,buy,False
2026-08-12 12:26:48.928288,109,group_1,2022-09-27 11:00:00-04:00,10,unexplained,up,0.9032,buy,3,4.531,down,sell,False,False,buy,True
2026-08-12 12:26:52.677842,109,group_1,2022-11-14 12:55:00-05:00,11,unexplained,down,0.4507,sell,3,3.478,up,buy,False,False,sell,True
2026-08-12 12:26:56.070476,109,group_1,2023-04-20 09:50:00-04:00,12,unexplained,flat,0.4116,hold,3,3.148,up,buy,False,False,hold,True
2026-08-12 12:27:00.323883,109,group_1,2023-12-01 14:55:00-05:00,13,unexplained,down,0.6042,sell,3,3.922,flat,hold,False,False,sell,True
2026-08-12 12:27:04.092320,109,group_1,2024-04-26 11:30:00-04:00,14,unexplained,flat,0.4042,hold,5,3.495,up,buy,False,False,hold,True
2026-08-12 12:27:12.340730,109,group_1,2024-09-26 09:40:00-04:00,15,unexplained,down,0.7008,sell,5,7.96,down,sell,True,True,sell,True
2026-08-12 12:27:18.254800,109,group_1,2025-05-21 14:40:00-04:00,16,unexplained,up,0.3529,buy,3,5.68,down,sell,False,False,buy,True
2026-08-12 12:27:22.527695,109,group_1,2025-12-12 11:50:00-05:00,17,unexplained,down,0.4241,sell,3,4.021,up,buy,False,False,sell,True
2026-08-12 12:27:27.234326,109,group_1,2025-12-22 11:45:00-05:00,18,unexplained,flat,0.8806,hold,3,4.402,flat,hold,True,True,hold,True
2026-08-12 12:27:33.908030,109,group_1,2026-06-24 14:40:00-04:00,19,unexplained,down,0.6079,buy,3,6.414,down,sell,True,False,sell,False
2026-08-12 15:03:05.945082,119,group_2,2022-09-27 11:00:00-04:00,0,explained,up,0.9032,buy,3,33.776,down,sell,False,False,buy,True
2026-08-12 15:03:19.860244,119,group_2,2022-11-14 12:55:00-05:00,1,explained,down,0.4507,buy,3,13.598,up,buy,False,True,sell,False
2026-08-12 15:03:27.495637,119,group_2,2023-04-20 09:50:00-04:00,2,explained,flat,0.4116,hold,3,7.08,up,buy,False,False,hold,True
2026-08-12 15:04:06.800989,119,group_2,2023-12-01 14:55:00-05:00,3,explained,down,0.6042,buy,3,38.985,flat,hold,False,False,sell,False
2026-08-12 15:04:16.689753,119,group_2,2024-04-26 11:30:00-04:00,4,explained,flat,0.4042,hold,3,9.586,up,buy,False,False,hold,True
2026-08-12 15:04:26.798309,119,group_2,2024-09-26 09:40:00-04:00,5,explained,down,0.7008,hold,4,9.834,down,sell,True,False,sell,False
2026-08-12 15:04:35.689418,119,group_2,2025-05-21 14:40:00-04:00,6,explained,up,0.3529,sell,4,8.562,down,sell,False,True,buy,False
2026-08-12 15:04:45.430739,119,group_2,2025-12-12 11:50:00-05:00,7,explained,down,0.4241,sell,4,9.422,up,buy,False,False,sell,True
2026-08-12 15:04:58.189069,119,group_2,2025-12-22 11:45:00-05:00,8,explained,flat,0.8806,hold,4,12.468,flat,hold,True,True,hold,True
2026-08-12 15:05:04.530904,119,group_2,2026-06-24 14:40:00-04:00,9,explained,down,0.6079,sell,4,6.079,down,sell,True,True,sell,True
2026-08-12 15:05:11.625324,119,group_2,2022-09-06 11:45:00-04:00,10,unexplained,up,0.818,buy,4,6.485,down,sell,False,False,buy,True
2026-08-12 15:05:28.579581,119,group_2,2022-11-07 13:25:00-05:00,11,unexplained,up,0.4333,buy,4,16.664,up,buy,True,True,buy,True
2026-08-12 15:05:34.656166,119,group_2,2023-03-20 09:30:00-04:00,12,unexplained,up,0.5718,buy,3,5.639,up,buy,True,True,buy,True
2026-08-12 15:05:40.270391,119,group_2,2023-10-20 14:40:00-04:00,13,unexplained,flat,0.3523,hold,3,5.315,down,sell,False,False,hold,True
2026-08-12 15:05:48.053428,119,group_2,2023-12-26 13:45:00-05:00,14,unexplained,flat,0.8882,buy,3,7.507,flat,hold,True,False,hold,False
2026-08-12 15:05:52.294420,119,group_2,2024-07-08 11:20:00-04:00,15,unexplained,flat,0.8107,hold,3,3.948,down,sell,False,False,hold,True
2026-08-12 15:05:56.425527,119,group_2,2025-03-28 12:45:00-04:00,16,unexplained,down,0.4593,sell,3,3.838,down,sell,True,True,sell,True
2026-08-12 15:06:01.322687,119,group_2,2025-07-18 10:35:00-04:00,17,unexplained,flat,0.7856,sell,3,4.6,flat,hold,True,False,hold,False
2026-08-12 15:06:08.448169,119,group_2,2025-12-18 13:05:00-05:00,18,unexplained,up,0.3841,sell,3,4.509,flat,hold,False,False,buy,False
2026-08-12 15:06:14.890473,119,group_2,2026-02-17 13:05:00-05:00,19,unexplained,up,0.3797,hold,3,6.124,up,buy,True,False,buy,False
2026-08-12 16:39:30.655786,94,group_2,2022-09-27 11:00:00-04:00,0,explained,up,0.9032,sell,3,40.326,down,sell,False,True,buy,False
2026-08-12 16:39:50.723597,94,group_2,2022-11-14 12:55:00-05:00,1,explained,down,0.4507,sell,3,19.738,up,buy,False,False,sell,True
2026-08-12 16:40:09.421303,94,group_2,2023-04-20 09:50:00-04:00,2,explained,flat,0.4116,sell,3,18.357,up,buy,False,False,hold,False
2026-08-12 16:40:15.544529,94,group_2,2023-12-01 14:55:00-05:00,3,explained,down,0.6042,buy,3,5.864,flat,hold,False,False,sell,False
2026-08-12 16:40:26.993862,94,group_2,2024-04-26 11:30:00-04:00,4,explained,flat,0.4042,buy,3,10.831,up,buy,False,True,hold,False
2026-08-12 16:40:32.501844,94,group_2,2024-09-26 09:40:00-04:00,5,explained,down,0.7008,buy,3,5.201,down,sell,True,False,sell,False
2026-08-12 16:40:42.272389,94,group_2,2025-05-21 14:40:00-04:00,6,explained,up,0.3529,buy,3,9.429,down,sell,False,False,buy,True
2026-08-12 16:40:51.881954,94,group_2,2025-12-12 11:50:00-05:00,7,explained,down,0.4241,sell,3,9.312,up,buy,False,False,sell,True
2026-08-12 16:41:10.036284,94,group_2,2025-12-22 11:45:00-05:00,8,explained,flat,0.8806,sell,3,17.878,flat,hold,True,False,hold,False
2026-08-12 16:41:15.136670,94,group_2,2026-06-24 14:40:00-04:00,9,explained,down,0.6079,sell,3,4.846,down,sell,True,True,sell,True
2026-08-12 16:41:22.481863,94,group_2,2022-09-06 11:45:00-04:00,10,unexplained,up,0.818,buy,3,7.037,down,sell,False,False,buy,True
2026-08-12 16:41:38.076938,94,group_2,2022-11-07 13:25:00-05:00,11,unexplained,up,0.4333,buy,3,15.305,up,buy,True,True,buy,True
2026-08-12 16:41:50.891468,94,group_2,2023-03-20 09:30:00-04:00,12,unexplained,up,0.5718,buy,3,12.531,up,buy,True,True,buy,True
2026-08-12 16:41:56.377183,94,group_2,2023-10-20 14:40:00-04:00,13,unexplained,flat,0.3523,sell,3,5.192,down,sell,False,True,hold,False
2026-08-12 16:42:03.629511,94,group_2,2023-12-26 13:45:00-05:00,14,unexplained,flat,0.8882,buy,3,6.955,flat,hold,True,False,hold,False
2026-08-12 16:42:12.555217,94,group_2,2024-07-08 11:20:00-04:00,15,unexplained,flat,0.8107,buy,3,8.691,down,sell,False,False,hold,False
2026-08-12 16:42:17.337568,94,group_2,2025-03-28 12:45:00-04:00,16,unexplained,down,0.4593,sell,3,4.49,down,sell,True,True,sell,True
2026-08-12 16:42:22.009959,94,group_2,2025-07-18 10:35:00-04:00,17,unexplained,flat,0.7856,sell,3,4.371,flat,hold,True,False,hold,False
2026-08-12 16:42:44.105111,94,group_2,2025-12-18 13:05:00-05:00,18,unexplained,up,0.3841,sell,3,21.825,flat,hold,False,False,buy,False
2026-08-12 16:42:50.648782,94,group_2,2026-02-17 13:05:00-05:00,19,unexplained,up,0.3797,buy,3,6.273,up,buy,True,True,buy,True
2026-08-12 17:01:10.918515,132,group_2,2022-09-27 11:00:00-04:00,0,explained,up,0.9032,sell,3,26.093,down,sell,False,True,buy,False
2026-08-12 17:01:49.373146,132,group_2,2022-11-14 12:55:00-05:00,1,explained,down,0.4507,sell,4,38.151,up,buy,False,False,sell,True
2026-08-12 17:03:05.624781,132,group_2,2023-04-20 09:50:00-04:00,2,explained,flat,0.4116,buy,3,75.916,up,buy,False,True,hold,False
2026-08-12 17:03:19.109256,132,group_2,2023-12-01 14:55:00-05:00,3,explained,down,0.6042,buy,4,13.158,flat,hold,False,False,sell,False
2026-08-12 17:03:57.920711,132,group_2,2024-04-26 11:30:00-04:00,4,explained,flat,0.4042,buy,3,38.532,up,buy,False,True,hold,False
2026-08-12 17:04:14.368840,132,group_2,2024-09-26 09:40:00-04:00,5,explained,down,0.7008,buy,3,16.107,down,sell,True,False,sell,False
2026-08-12 17:05:03.661075,132,group_2,2025-05-21 14:40:00-04:00,6,explained,up,0.3529,buy,3,48.979,down,sell,False,False,buy,True
2026-08-12 17:05:18.063544,132,group_2,2025-12-12 11:50:00-05:00,7,explained,down,0.4241,sell,3,14.112,up,buy,False,False,sell,True
2026-08-12 17:05:29.773857,132,group_2,2025-12-22 11:45:00-05:00,8,explained,flat,0.8806,hold,3,11.429,flat,hold,True,True,hold,True
2026-08-12 17:05:45.707688,132,group_2,2026-06-24 14:40:00-04:00,9,explained,down,0.6079,sell,3,15.451,down,sell,True,True,sell,True
2026-08-12 17:06:45.371845,132,group_2,2022-09-06 11:45:00-04:00,10,unexplained,up,0.818,buy,3,59.377,down,sell,False,False,buy,True
2026-08-12 17:06:59.047661,132,group_2,2022-11-07 13:25:00-05:00,11,unexplained,up,0.4333,sell,3,13.392,up,buy,True,False,buy,False
2026-08-12 17:09:03.500587,132,group_2,2023-03-20 09:30:00-04:00,12,unexplained,up,0.5718,hold,3,124.119,up,buy,True,False,buy,False
2026-08-12 17:09:18.162773,132,group_2,2023-10-20 14:40:00-04:00,13,unexplained,flat,0.3523,sell,3,14.365,down,sell,False,True,hold,False
2026-08-12 17:09:25.702434,132,group_2,2023-12-26 13:45:00-05:00,14,unexplained,flat,0.8882,buy,3,7.264,flat,hold,True,False,hold,False
2026-08-12 17:09:35.973358,132,group_2,2024-07-08 11:20:00-04:00,15,unexplained,flat,0.8107,sell,4,9.979,down,sell,False,True,hold,False
2026-08-12 17:09:42.336636,132,group_2,2025-03-28 12:45:00-04:00,16,unexplained,down,0.4593,hold,3,6.119,down,sell,True,False,sell,False
2026-08-12 17:09:48.796562,132,group_2,2025-07-18 10:35:00-04:00,17,unexplained,flat,0.7856,sell,3,6.198,flat,hold,True,False,hold,False
2026-08-12 17:09:55.951725,132,group_2,2025-12-18 13:05:00-05:00,18,unexplained,up,0.3841,hold,3,6.909,flat,hold,False,True,buy,False
2026-08-12 17:10:02.617616,132,group_2,2026-02-17 13:05:00-05:00,19,unexplained,up,0.3797,buy,3,6.389,up,buy,True,True,buy,True
2026-08-12 22:03:07.067000,58,group_1,2022-09-06 11:45:00-04:00,0,explained,up,0.818,sell,5,88.183,down,sell,False,True,buy,False
2026-08-12 22:03:20.997417,58,group_1,2022-11-07 13:25:00-05:00,1,explained,up,0.4333,buy,5,13.463,up,buy,True,True,buy,True
2026-08-12 22:03:52.592578,58,group_1,2023-03-20 09:30:00-04:00,2,explained,up,0.5718,sell,5,31.113,up,buy,True,False,buy,False
2026-08-12 22:04:06.635750,58,group_1,2023-10-20 14:40:00-04:00,3,explained,flat,0.3523,hold,5,13.618,down,sell,False,False,hold,True
2026-08-12 22:04:17.293531,58,group_1,2023-12-26 13:45:00-05:00,4,explained,flat,0.8882,buy,5,10.239,flat,hold,True,False,hold,False
2026-08-12 22:04:59.621369,58,group_1,2024-07-08 11:20:00-04:00,5,explained,flat,0.8107,sell,3,41.687,down,sell,False,True,hold,False
2026-08-12 22:05:39.197100,58,group_1,2025-03-28 12:45:00-04:00,6,explained,down,0.4593,sell,2,38.768,down,sell,True,True,sell,True
2026-08-12 22:05:56.733492,58,group_1,2025-07-18 10:35:00-04:00,7,explained,flat,0.7856,sell,3,16.991,flat,hold,True,False,hold,False
2026-08-12 22:07:43.011872,58,group_1,2025-12-18 13:05:00-05:00,8,explained,up,0.3841,hold,3,105.741,flat,hold,False,True,buy,False
2026-08-12 22:07:58.403580,58,group_1,2026-02-17 13:05:00-05:00,9,explained,up,0.3797,sell,4,14.892,up,buy,True,False,buy,False
2026-08-12 22:08:12.689359,58,group_1,2022-09-27 11:00:00-04:00,10,unexplained,up,0.9032,buy,3,13.768,down,sell,False,False,buy,True
2026-08-12 22:08:25.731715,58,group_1,2022-11-14 12:55:00-05:00,11,unexplained,down,0.4507,buy,3,12.625,up,buy,False,True,sell,False
2026-08-12 22:08:41.592118,58,group_1,2023-04-20 09:50:00-04:00,12,unexplained,flat,0.4116,buy,5,15.436,up,buy,False,True,hold,False
2026-08-12 22:08:52.563792,58,group_1,2023-12-01 14:55:00-05:00,13,unexplained,down,0.6042,buy,3,10.492,flat,hold,False,False,sell,False
2026-08-12 22:09:05.075653,58,group_1,2024-04-26 11:30:00-04:00,14,unexplained,flat,0.4042,sell,3,12.058,up,buy,False,False,hold,False
2026-08-12 22:09:13.706554,58,group_1,2024-09-26 09:40:00-04:00,15,unexplained,down,0.7008,sell,5,8.192,down,sell,True,True,sell,True
2026-08-12 22:09:55.547337,58,group_1,2025-05-21 14:40:00-04:00,16,unexplained,up,0.3529,buy,3,40.858,down,sell,False,False,buy,True
2026-08-12 22:10:18.469806,58,group_1,2025-12-12 11:50:00-05:00,17,unexplained,down,0.4241,sell,5,22.158,up,buy,False,False,sell,True
2026-08-12 22:10:32.483965,58,group_1,2025-12-22 11:45:00-05:00,18,unexplained,flat,0.8806,sell,5,13.511,flat,hold,True,False,hold,False
2026-08-12 22:10:41.193711,58,group_1,2026-06-24 14:40:00-04:00,19,unexplained,down,0.6079,sell,5,8.297,down,sell,True,True,sell,True
2026-08-13 13:47:15.128054,141,group_1,2022-09-06 11:45:00-04:00,0,explained,up,0.818,buy,3,32.294,down,sell,False,False,buy,True
2026-08-13 13:47:39.596370,141,group_1,2022-11-07 13:25:00-05:00,1,explained,up,0.4333,sell,3,24.178,up,buy,True,False,buy,False
2026-08-13 13:47:59.125550,141,group_1,2023-03-20 09:30:00-04:00,2,explained,up,0.5718,buy,3,19.222,up,buy,True,True,buy,True
2026-08-13 13:48:06.869165,141,group_1,2023-10-20 14:40:00-04:00,3,explained,flat,0.3523,sell,3,7.339,down,sell,False,True,hold,False
2026-08-13 13:48:16.895789,141,group_1,2023-12-26 13:45:00-05:00,4,explained,flat,0.8882,buy,3,9.678,flat,hold,True,False,hold,False
2026-08-13 13:48:24.753007,141,group_1,2024-07-08 11:20:00-04:00,5,explained,flat,0.8107,hold,4,7.576,down,sell,False,False,hold,True
2026-08-13 13:48:32.667915,141,group_1,2025-03-28 12:45:00-04:00,6,explained,down,0.4593,sell,3,7.589,down,sell,True,True,sell,True
2026-08-13 13:48:40.202867,141,group_1,2025-07-18 10:35:00-04:00,7,explained,flat,0.7856,sell,5,7.246,flat,hold,True,False,hold,False
2026-08-13 13:48:50.023596,141,group_1,2025-12-18 13:05:00-05:00,8,explained,up,0.3841,hold,3,9.527,flat,hold,False,True,buy,False
2026-08-13 13:49:02.878624,141,group_1,2026-02-17 13:05:00-05:00,9,explained,up,0.3797,hold,4,12.55,up,buy,True,False,buy,False
2026-08-13 13:51:12.678503,141,group_1,2022-09-27 11:00:00-04:00,10,unexplained,up,0.9032,sell,3,129.467,down,sell,False,True,buy,False
2026-08-13 13:51:19.979343,141,group_1,2022-11-14 12:55:00-05:00,11,unexplained,down,0.4507,hold,3,7.007,up,buy,False,False,sell,False
2026-08-13 13:51:28.238948,141,group_1,2023-04-20 09:50:00-04:00,12,unexplained,flat,0.4116,sell,3,7.948,up,buy,False,False,hold,False
2026-08-13 13:51:39.840013,141,group_1,2023-12-01 14:55:00-05:00,13,unexplained,down,0.6042,buy,3,11.316,flat,hold,False,False,sell,False
2026-08-13 13:51:40.228507,141,group_1,2023-12-01 14:55:00-05:00,13,unexplained,down,0.6042,buy,3,11.6,flat,hold,False,False,sell,False
2026-08-13 13:51:47.263769,141,group_1,2024-04-26 11:30:00-04:00,14,unexplained,flat,0.4042,hold,4,6.753,up,buy,False,False,hold,True
2026-08-13 13:51:59.565606,141,group_1,2024-09-26 09:40:00-04:00,15,unexplained,down,0.7008,buy,4,11.998,down,sell,True,False,sell,False
2026-08-13 13:52:07.897655,141,group_1,2025-05-21 14:40:00-04:00,16,unexplained,up,0.3529,sell,3,7.888,down,sell,False,True,buy,False
2026-08-13 13:52:12.426571,141,group_1,2025-12-12 11:50:00-05:00,17,unexplained,down,0.4241,sell,3,4.229,up,buy,False,False,sell,True
2026-08-13 13:52:20.354314,141,group_1,2025-12-22 11:45:00-05:00,18,unexplained,flat,0.8806,hold,4,7.648,flat,hold,True,True,hold,True
2026-08-13 13:52:28.976971,141,group_1,2026-06-24 14:40:00-04:00,19,unexplained,down,0.6079,sell,3,7.959,down,sell,True,True,sell,True
